target_id,full_names
70001,"Dreams About You - Dreamy Remix - Christian Drost"
70009,Lost In Your Eyes - Love N Frequency
70010,"Lost In Your Eyes - Manuel Rocca Remix - Love N Frequency"
70035,Perception - Alae Khaldi
70040,"Ethereal - Kago Pengchi Remix - Odonbat"
70045,"Sunrise - Lence & Pluton Remix - Denis Kenzo"
70046,Sunrise - Denis Kenzo
70078,"Starclad - Christian Zechner, Lira Yin"
70099,"Drifting Through Darkness - Photographer Remix - Chris Turner, Luke Terry"
70114,Peak Experience - Jo Micali
70115,Beautiful Sunset - Jo Micali
70122,Midnight Blue - Scott Lowe
70123,Tales From The Forest - Luke Terry
70141,"Anima - Solid Stone Remix - Pavel Polyakov, Rinat Shabanov"
70142,"Early Sunrise - Hoyaa Remix - Jo Micali"
70143,Early Sunrise - Jo Micali
70146,"Counting Stars - Stonevalley Remix - Luke Terry"
70152,"Paradise - Luke Terry Remix - Rave Channel"
70192,"Last Sun - Beat Service Remix - Bushi"
70196,"I Still Fall - Matias Lehtola Remix - Sasha Virus"
70206,"7 Suns - Adam Nickey Remix - Mark Arbor"
70209,"23 Kisses - Trance Arts Remix - Bushi"
70223,"Love Victims - Temple One Remix - Thomas Coastline"
70226,"All I Need To Know - Dereck Recay Remix - Claire Willis, Trance Arts"
70227,Equator - Dmitry Bessonov
70235,"Slippery Beast - Moonwalk Remix - Dave Seaman"
70236,"Vision - Definition, Moonwalk"
70237,Orbital - Moonwalk
70238,Reflection - Moonwalk
70240,Turning Away - Moonwalk
70244,Acid - Moonwalk
70245,"Acid - Max Chapman Remix - Moonwalk"
70254,Darko - Moonwalk
70256,"Hudson River - Lee M Kelsall Remix - Fractales, Moonwalk, Newbie Nerdz"
70264,"Free from Your Love - Baraka, Moonwalk"
70270,Girl For You - Moonwalk
70274,Sakura Blossom - Sébastien Léger
70275,Pamparis - Sébastien Léger
70277,Firefly - Sébastien Léger
70278,Stevie - Sébastien Léger
70283,Giza - Sébastien Léger
70284,Sirene - Sébastien Léger
70285,Fibulae - Sébastien Léger
70290,Skadi - Sébastien Léger
70291,Forbidden Garden - Sébastien Léger
70292,"Forbidden Garden - Tim Green Remix - Sébastien Léger"
70297,Tristesse - Sébastien Léger
70301,Model D - Sébastien Léger
70302,Jer - Sébastien Léger
70303,Hamac - Sébastien Léger
70304,"Pluie Rouge - Sebastien Leger Remix - Marst"
70305,Brainwasher - Sébastien Léger
70306,Clouds - Sébastien Léger
70310,"Oracle - Arjuna Schiks remix - Sébastien Léger"
70311,Trytosphere - Sébastien Léger
70339,"Spaguette - Heartik, Sébastien Léger"
70345,"Opale - Siwell, Sébastien Léger"
70348,Imaginary Paradise - Sébastien Léger
70373,The Skyy Soul - Sébastien Léger
70398,"No Problem - Junior Sanchez, Sébastien Léger"
70401,Tonight - Sébastien Léger
70402,10sko Defection - Sébastien Léger
70404,1999 Flavors - Sébastien Léger
70411,"Midnight - DJ Nekbath Remix - Sébastien Léger"
70412,Jungle Anthem - Sébastien Léger
70415,Atomic Pop - Sébastien Léger
70419,K-una - Sébastien Léger
70423,Bouteille à La Mer - Sébastien Léger
70424,"Diametrik - DJ Nekbath Remix - Sébastien Léger"
70435,Chicayork - Sébastien Léger
70436,Saturation - Sébastien Léger
70446,Seems So Far - Sébastien Léger
70447,"Tonight - Deaf'n Dumb Crew, Sébastien Léger"
70449,Grab My Hips - Sébastien Léger
70476,"Ghost - Chris Lake, Sébastien Léger"
70477,Jaguar - Sébastien Léger
70485,Mars - Sébastien Léger
70492,Hit Girl - Sébastien Léger
70494,"Aqualight - Chris Lake, Sébastien Léger"
70495,"Striped Flower - Chris Lake, Sébastien Léger"
70497,Maximal - Sébastien Léger
70502,Take Your Pills - Sébastien Léger
70503,"Three Day Week-End - Sebastien Leger Remix - Étienne de Crécy"
70505,Thorny - Sébastien Léger
70509,"Let Me Take You - Sebastien Leger Remix - Van Bellen"
70511,"Rising Love - Louders Remix - Andrea Alessi, Arno Cost & Norman Doray, Mike Taylor"
70512,"Rising Love - Arno Cost & Norman Doray, Frederik Stigsson, Mike Taylor, Robert Allouche"
70513,"Hold Back, Turn Back - Norman Doray Remix - Lee Cabrera, Richard F."
70516,"Tell The World - Norman Doray, Sneaky Sound System"
70517,"Sweet Freedom - The Reflex Remix - Darren Crook, Norman Doray"
70518,"Sweet Freedom - Darren Crook, Norman Doray"
70519,"Sweet Freedom - Darren Crook, Norman Doray"
70521,"Tell The World - Norman Doray, Sneaky Sound System"
70522,"Tell The World - Norman Doray, Sneaky Sound System"
70524,Do What - Norman Doray
70531,"Cracks - Andreas Moe, Norman Doray"
70538,Kalifornia - Norman Doray
70547,"Tobita - MYNC, Norman Doray, Tobita"
70553,"Last Forever - Cr2 Records, Errol Reid, Last Forever, Norman Doray, Tristan Garner"
70560,"Last Forever - Cr2 Records, Errol Reid, Last Forever, Norman Doray, Tristan Garner"
70565,"El Tumbao - Baccanali DJs Remix - T. Tommy, Victor Perez"
70570,Auroras - Adam Rickfors
70571,"Thing Called Love - DJ Crespo, Landis"
70572,Bodybang - Kill FM
70574,"I Need You - Maayan Rechler, Mantrastic"
70575,"I Wanna Be - Kieran Andrews, Max Chapman"
70578,Madiba - Steve Mulder
70584,"Sacellum - Kungs Remix - Füchse"
70585,"Far East - Blasterjaxx Remix - Jack Eye Jones"
70586,Bamboo Rush - Repow
70593,"La Passione - Chris Von Nunchaku Remix - Elio Riso"
70594,Mara - Breaux
70596,"Unspoiled Perfection - Adrian Delgado, Deorro, Madeleine Jayne"
70599,"Zen - Loudan, Regoton"
70600,Sweet Life - Rick Wade
70601,"Leviathan - Aviary, Freeform Five, Freeform Reform, Róisín Murphy"
70602,Stop - Patrick Topping
70603,"Whowillluvu - Vidis Remix - FREnchfire"
70604,"Unspoiled Perfection - Adrian Delgado, Deorro, Madeleine Jayne"
70607,"You Say Hello - Abel Ramos Remix - Pic Schmitz"
70608,Trivia - Florian Picasso
70610,"Took My Love - Electronic Youth, Rita Campbell"
70611,Leslie Crowther - Shenoda
70615,"Playing With Knives - Bizarre Inc, Quadrant"
70617,Need This - Santé
70618,"Knowing We'll Be Here (KiNK Remix) - Daniel Avery"
70619,The Zuera Never Ends - Repow
70622,Dreamer - Manu Gonzalez
70623,"Liberal Zee - Session Victim Remix - Jay Shepheard, Matthew Burton"
70625,LZRFNK - Autoerotique
70626,Oh Fak - Kolabz
70627,"Match Point - Arston, Artsiom Kozel, D-Mad, Dmitry Lysenko"
70628,"Deal Breaker - Dyro Remix - LOOPERS, MYNC"
70629,"Kill for Love - Cleov, Marlon Hoffstadt"
70630,"Any Day - Dzeko, Gallantry, Jack Trantides, Julian Dzeko, Jus Jack, Luis Torres Raposo, Torres"
70631,"Perfect Storm - Clockwork Remix - Benny Benassi, Pink Is Punk"
70632,Reset - Luca Novelli
70633,"A Fifth of Beethoven - The Reflex Remix - Henri-Pierre Noel"
70637,"Cluster - Niels van de Pavert, Nilson"
70640,"Night Time - Daniel Escora Trim, Dj Obek, MC Ambush, Silco"
70644,Default - Kura
70646,Aurora - Romeo Blanco
70648,"A La Hora Que Me Ilamen - Antonio Martinez Antolino, T. Tommy, Victor Perez, Victoriano Pérez Ruio"
70651,"Black Eyes and Blue - MYNC & Mario Fischetti Remix - CLMD, Carl Lehne, Paul Zala"
70652,"Black Eyes and Blue - CLMD, Carl Lehne, Paul Zala"
70653,"Balearique - DJ Rocca, Dimitri From Paris"
70654,"Looking For Love - Aviram Saharai, Fenja, Itay Yona, Niels van de Pavert, Nilson, Nissim Kadosh, The 8th Note"
70656,"Walking in the Night - Hard Ton, Nina Kraviz"
70657,"Love Is The Drug - Todd Terje Remix - Roxy Music, Terje Olsen"
70659,"No Satisfaction - Lajos Fodor, Paul Strive, Richard Searle"
70660,"Paloma - Mudd Remix - Cantoma"
70664,Down - Afterlife
70670,Ilha Grande - Alex Miles
70676,Sir John - White Elephant
70677,Baa Boo - Reverso 68
70679,"Punto Com - Augustin Festa, DJ PP, Festa Bros, Gabriel Rocha"
70683,Moufas - Mihalis Safras
70687,"Thank You - MYNC Remix - Hard Rock Sofa, Swanky Tunes"
70688,Ocho - Ant Brooks
70689,Out Of Gas - Mikalogic
70690,Buhstyle - Stefano Noferini
70703,"Nubia - Darren Sheehan, Dashka, Sebastien Lintz"
70705,"Nothing Left To Lose - NO_ID, Noid, Ralph van Vugt, Sebastien Lintz, Thomas Olsen, Tommy Trash"
70707,June - Andrew Bennett
70709,Sweet Sensation - Etienne Ozborne
70713,"Benirras - Heikki L, Heikki Liimatainen, Something Good"
70720,"Violet - Chase Buch, Fatih Inetas, Nick Olivetti, Nicola Olivetti"
70722,"Bang - Darko De Jan, Darko Janevski, Greg Stainer"
70723,Killa Tune - Sergio Fernandez
70726,"Merz - James Ruskin, Mark Broom"
70727,"Jaws - Gregori Klosman, Gregori Slakmon"
70728,"Nammos - Cameron Denny, Denzal Park, Paul Zala"
70731,Timeless Altitude - Secret Cinema
70735,"Who Am I - Andretta, Marcelo F Morana, Patrick M"
70741,"Gonna Be My Day - Henrik Schwarz Remix - Marsmobil"
70743,"Go For That - MYNC Remix - Felix Leiter"
70748,"No Disco - Ross Evana, Ross Evans"
70750,Ascension - Soul Central
70751,MYNCDJ Is Our Twitter - MYNC
70755,"Superdelight - Heikki L, Heikki Liimatainen"
70757,Balcania - Tim Vita
70768,Boungaville - Fausto Messina
70770,"Shunyata - Frank Heinrich, Reboot"
70771,"Terrace - DJ Wady, Hulk Is Back EP, Space Ibiza"
70779,"Los Brujos - Loko Remix - Berto Mene, Loko"
70780,"Sundowna - Dyed Soundorom & Shonky Remix - Dyed Soundorom, Shonky, Till Von Sein"
70792,"Knight Rider - Filth, Filth & Splendour, Filth And Splendour, Hot Pick / Knight Rider, James Wilson-Beales, Kings Of The Underground Vol. 3, Knight Rider, Splendour"
70793,"Hot Pick - Filth, Filth & Splendour, Hot Pick, Hot Pick / Knight Rider, James Wilson-Beales, Splendour"
70795,"Alininha - Edu Imbernon Remix - Paolo Mojo"
70801,"Give It Up - Momma's Boy"
70806,"Flexwood - Alex Tepper, Steve Lawler"
70807,"Where Is Monday - Okain"
70814,"Cultura De Radio - Supernova Remix - Emijay"
70817,"Mamdaye - Julien Chaptal"
70835,"Music Brings You Back - MYNC, Nina Hall, Vision Factory"
70843,Reload - Norman Zube
70844,Gems - Ortzy
70854,"21st Century Ketchup - Tim Green Less K Remix - Steve Lawler"
70882,Beneath You - Mark Mendes
70885,"Royal Flush - Big L, Gap 4"
70887,Pacific - Freemasons
70888,"Feel I'm Falling - 16BL, Raz Nitzan"
70901,"Funk Country - Micky Slim Remix - Ryan Murgatroyd, Tasha Baxter"
70904,"Flash - Danny Tenaglia Remix - Green Velvet"
70907,54B - Mudd
70912,Sunday Trip - Danny Freakazoid
70914,"The Return Of The Vigilante - ATFC"
70915,"The Bump - Tonite Only Remix - Hook N Sling, Kid Kenobi"
70918,"Piano Track - Bush II Bush"
70924,"Glasgow's Jazz - Derrick Carter Remix - DJ Q"
70926,"Brighter Days - Mark Broom Remix - Cajmere, Curtis Alan Jones, Dajae, Dana Stovall"
70927,"Love Is The Drug - Bryan Ferry, Roxy Music, Todd Terje"
70929,Because - Father And Son
70930,"Love U - Anton Wick Remix - John Modena"
70932,"Sweet Love - Flane, MakerJack"
70934,"My Mind - Les Bisous Remix - Father And Son"
70935,Takin Over - Agrume
70936,Ballade - B&S Concept
70944,Lemme Know - Agrume
70948,My Mind - Father And Son
70949,Skrt Skrt - Muttonheads
70954,Step Off - Agrume
70958,I'm Your Woman - Muttonheads
70959,With You Not Around - B&S Concept
70962,"I Don't Wanna - Agrume, Crystal Waters"
70966,"I Like You But... - Agrume, Muttonheads"
70968,"The Way You Dance - Fab's, Moon Arch"
70971,Lordy - Bufalo
70976,I Feel - Moon Arch
70978,"Heavenly - Joachim Garraud Remix - DJ Chris Pi, Didier Sinclair"
70979,"Lovely Flight - Phil Weeks Remix - Didier Sinclair"
71178,Warm Memories - Demon Ritchie
71184,"The Power - Eden Martin, Muttonheads"
71196,"Going Away - Eden Martin, Muttonheads"
71208,Peace - Michael Feiner
71213,Burning Heart - Arias
71215,Redblack - Arias
71217,Tutu - Arias
71220,"Saturday Night - Michael Feiner Remix - Daniel Lindström"
71223,"Etheral Sunshine - Nelsen Grover Remix - Muttonheads"
71225,"Need U 2008 - Mathieu Bouthier, Muttonheads"
71233,"Touch Your Mind - Arias Remix - Di Feno & Alls"
71236,"Feel The Wave - Didier Sinclair, Lady V"
71237,"I'll Be There - Muttonheads, The Frenchmakers"
71240,"Heavenly - DJ Chris Pi, Didier Sinclair"
71241,Smashing Music - Muttonheads
71250,Ready E - Soldiers of Twilight
71252,Believe - Soldiers of Twilight
71253,"Drive On - Demon Ritchie, Soldiers of Twilight"
71256,Carl Fish - Paris Angeles
71257,"Bareto - Akapellah, Junior Caldera, Trainer"
71258,"Envidioso - Junior Caldera, Trainer"
71264,"Lights Out - Far East Movement, Junior Caldera, Natalia Kills"
71265,Blasphemy - Junior Caldera
71271,"Sit Down - DRTJCK, Ken Roll"
71277,Disco Inferno - Ken Roll
71279,In and Out The States - Soulja Boy
71280,"New Me - Star 2"
71281,Bust It Down - Soulja Boy
71282,"CAN'T EVEN LIE - WESTSIDE BOOGIE"
71284,Shit Talker - Soulja Boy
71286,"Epidemic - Boosie Badazz, Soulja Boy"
71287,"BTBT - B.I, DeVita, Soulja Boy"
71288,"Damage - EBK Young Joc, Soulja Boy"
71289,Blue Cheese - Soulja Boy
71300,Really Paid - Soulja Boy
71309,Big W's - Soulja Boy
71310,Double Cup Wocky - Soulja Boy
71315,"Go Crazy - Desiigner, Soulja Boy"
71319,Trap Jumping Like A Trampoline - Soulja Boy
71324,Balenciaga Baby - Soulja Boy
71325,Put That Shit On - Soulja Boy
71326,Slime Em Down - Soulja Boy
71328,Swag Walk - Soulja Boy
71336,Gone - Soulja Boy
71339,Chain Gang - Soulja Boy
71342,Vlone - Soulja Boy
71347,Walk Em Down - Soulja Boy
71348,"Mona Lisa - Lil Pump, Soulja Boy"
71350,"Dracos And Glocks - Soulja Boy, Troy Ave"
71351,They Call Me Draco Baby - Soulja Boy
71354,Broke - Soulja Boy
71356,"Flexin - Feby, Soulja Boy"
71358,Figured It Out - Soulja Boy
71359,Bands Up - Soulja Boy
71360,Dancing Like Diddy - Soulja Boy
71362,Island - Soulja Boy
71364,Pressure Breaks Pipes - Soulja Boy
71366,Stretch Some - Soulja Boy
71367,"On My Way - Ray J, Soulja Boy"
71372,"Drake - Lor Sosa, Soulja Boy"
71374,Squid Game - Soulja Boy
71376,Big Racks - Soulja Boy
71377,"EX - Bow Wow, Omarion, Soulja Boy"
71378,"Sneaky Link 2.0 - HXLLYWOOD, Kayla Nicole, Soulja Boy"
71379,"Iced Out - Remix - Lil Chimey, Soulja Boy, Uneekint"
71382,"Trip-Trippin - Flight"
71384,Shawn Carter - Soulja Boy
71385,I Pity The Fool - Soulja Boy
71386,"Hit It - DJ Ryan Wolf, IDD ACKK, Soulja Boy, Ty Bri"
71387,Yellow On Yellow - Soulja Boy
71394,Paraphernalia - Soulja Boy
71402,I'm A Rockstar - Soulja Boy
71434,"My Type - Soulja Boy, Tylan"
71435,"Pricey - Barlito, DJ Diddy, Soulja Boy"
71447,"Copy & Paste - Soulja Boy, T.I."
71450,Rick & Morty - Soulja Boy
71451,"Get That Bag - ROO $TACKS, Soulja Boy"
71452,She Make It Clap - Soulja Boy
71461,30 Missed Calls - Soulja Boy
71468,Pandemic - Soulja Boy
71481,In Here - Soulja Boy
71487,Stove - Soulja Boy
71488,Say So - Soulja Boy
71493,Ks9 - Soulja Boy
71502,Slide - Soulja Boy
71504,"She Don't - Jay Santiago, Soulja Boy"
71509,What I'm Into - Soulja Boy
71511,"Woah - Charlo Bates, Soulja Boy"
71513,"Who I Am - Kristen Hanby, Soulja Boy"
71514,"#InstaFamous - JBar, Soulja Boy, Taiya"
71516,"Cheerios - Jessy Frank, Soulja Boy"
71518,"Breakout - Almost Famous, Soulja Boy"
71519,"Romantic - Machai, Soulja Boy"
71520,"Walk in the Drip - Q Money, Soulja Boy"
71522,"Jeopardy - Hammon, Rarri, Soulja Boy"
71524,"Rich N Whippin - Ray J, Soulja Boy"
71525,"Top - Higher Brothers"
71526,"My Valentine - 24hrs, Soulja Boy"
71527,Cut Dat Check - Soulja Boy
71528,"SadSouljaFrosty - Sad Frosty"
71529,"New Drip - Da Mista, Soulja Boy"
71530,"Big Tymers - Morgan Westbrooks, Soulja Boy"
71533,"Kill or Be Killed.... - Quentin Miller, Soulja Boy"
71535,Overseas Drip - Soulja Boy
71540,"Gated - Chief Keef"
71542,Young Black Larry Bird - Soulja Boy
71547,Drip on Me - Soulja Boy
71552,"Woo - Chief Keef, Soulja Boy"
71554,You Can't Do It Like Me - Soulja Boy
71557,Forever - Soulja Boy
71559,No Hook - Soulja Boy
71569,Hml - Soulja Boy
71572,Hellcat - Soulja Boy
71573,I Got the Recipe - Soulja Boy
71578,New Money - Soulja Boy
71581,Mega Star - Soulja Boy
71583,Rollie Wrist - Soulja Boy
71585,Bandz Up - Soulja Boy
71586,Skrt - Soulja Boy
71587,Ice Ice - Soulja Boy
71588,Cotton Candy - Soulja Boy
71660,Stupid Clean - Soulja Boy
71663,Whole Lot of Money - Soulja Boy
71671,Draco - Soulja Boy
71677,John Gotti - Soulja Boy
71678,Pesos - Soulja Boy
71687,"Fight, Fuck, & Make Up - Bow Wow, Soulja Boy"
71690,Hit Them Folks - Soulja Boy
71694,"Pull Up - Philthy Rich, Soulja Boy"
71695,Rockstar - Soulja Boy
71701,Wanna Be Like Soulja - Soulja Boy
71703,Pineapple Fanta - Soulja Boy
71710,Her Body - Soulja Boy
71711,"My House - Bow Wow, Soulja Boy"
71724,"Ric Flair - Bow Wow, Soulja Boy"
71725,Day One - Soulja Boy
71732,All I Need - Soulja Boy
71739,In the Air - Soulja Boy
71740,Ball - Soulja Boy
71745,Stephen Curry - Soulja Boy
71773,Money Steady Coming - Soulja Boy
71791,In His Face - Soulja Boy
71793,Plug Talk - Soulja Boy
71794,Aww Yeah - Soulja Boy
71801,Spend It All - Soulja Boy
71828,Whippin My Wrist - Soulja Boy
71829,"Og Gas - Soulja Boy"
71832,Don't Nothing Move but the Money - Soulja Boy
71833,Trap Party - Soulja Boy
71839,Panamera - Soulja Boy
71842,Hurricane - Soulja Boy
71849,"Brazil We Flexing - MC Guime, Soulja Boy"
71850,Red Bottoms & Balenciaga - Soulja Boy
71855,"Gas - Soulja Boy"
71858,Bentley Truck - Soulja Boy
71862,Aye - Soulja Boy
71880,Triple Beam - Soulja Boy
71884,"What You Mean - Doe Boy, Future"
71890,Ridin Round - Soulja Boy
71891,"We Ready - Soulja Boy"
71908,I'm Getting Money - Soulja Boy
71920,"Fuck You Up - Fredo Santana, Soulja Boy, Tadoe"
71926,"Trigger Finger - Lil Wayne, Soulja Boy"
71928,"UH OH - Gold Top, Soulja Boy"
71930,Molly - Soulja Boy
71941,NuReligion - Soulja Boy
71942,"3hunna - Soulja Boy Remix - Chief Keef"
71943,"Save That Shit - Chief Keef, Soulja Boy"
71948,Tear it Up - Soulja Boy
71950,Ocean Gang - Soulja Boy
71954,Im So Important - Soulja Boy
71955,"Louis Vuitton - Bow Wow, Soulja Boy"
71961,"All Gold Everything - Soulja Boy, Young L"
71964,"I'm A Goner - Andrew W.K., Matt and Kim, Soulja Boy"
71975,"Iced Out - Waka Flocka Flame"
71979,"Soulja Boy Checks In - Lil B, Soulja Boy"
71980,"All I Know - Cap Dre, Lil B, Soulja Boy, Waka Flocka Flame"
71988,"Cooking Dance - Lil B, Soulja Boy"
72017,Soldier Boy - Soulja Boy
72035,Speakers Going Hammer - Soulja Boy
72036,"G Walk - Lil Jon, Soulja Boy"
72037,"Grammy - Ester Dean, Soulja Boy"
72038,"Bad - J-Slim"
72039,"Mean Mug - 50 Cent, Soulja Boy"
72040,"Swag Sex - Marques Houston, Soulja Boy"
72041,"Hey Cutie - Soulja Boy, Trey Songz"
72043,First Day Of School - Soulja Boy
72044,Touchdown - Soulja Boy
72046,Blowing Me Kisses - Soulja Boy
72048,"30 Thousand 100 Million - AR-AB, Lil B, Soulja Boy"
72049,"Daze - Ja-bar, Soulja Boy"
72054,"B.O.R. - Lil B, Soulja Boy"
72063,"Delirious - Soulja Boy, Vistoso Bosses"
72064,"Kiss Me Thru The Phone - Sammie, Soulja Boy"
72067,I'm Ballin - Soulja Boy
72068,POW - Soulja Boy
72070,"Marco Polo - Bow Wow"
72071,"Kiss Me Thru The Phone - Sammie, Soulja Boy"
72072,Bird Walk - Main - Soulja Boy
72073,Hey You There - Soulja Boy
72075,I'm Bout Tha Stax - Soulja Boy
72076,Eazy - Soulja Boy
72077,Booty Got Swag - Soulja Boy
72078,Rubber Bands - Soulja Boy
72079,Soulja Boy Tellem - Soulja Boy
72087,Crank That - William Geslin Remix - Soulja Boy
72092,Yahhh! - Soulja Boy
72093,Donk - Soulja Boy
72094,Pass It To Arab - Soulja Boy
72096,Sidekick - Soulja Boy
72097,Crank Dat Dance - Soulja Boy
72098,"Intro - Bow Wow, Soulja Boy"
72099,"Crank That - Travis Barker Remix - Soulja Boy"
72101,Let Me Get Em - Soulja Boy
72103,She Thirsty - Soulja Boy
72104,Booty Meat - Soulja Boy
72105,Bapes - Soulja Boy
72112,Snap And Roll - Soulja Boy
72115,Report Card - Soulja Boy
72117,"Soulja Girl - I-15, Soulja Boy"
72120,I Got Me Some Bapes - Soulja Boy
72125,"Clumsy - Collipark Remix - Fergie, Soulja Boy"
72127,"Wasteland Warriors - Bone Thugs-N-Harmony"
72128,"DIRT - Y2K"
72129,"Wawawa - Y2K, bbno$"
72130,"Damage is Done - JoJo, Y2K"
72131,"OH NO - KILLY, Y2K"
72134,"thankful - Lewis Grant, Y2K, bbno$"
72135,"money conversation - Y2K, bbno$"
72138,"See Me Fall - Y2K Remix - Ro Ransom"
72139,"Stranger - Y2K Remix - Peking Duk"
72142,"Damn - umru Remix - Y2K, lil aaron"
72143,"DAMN - Y2K, lil aaron"
72148,Watt - Notrust
72149,L'arte di - Notrust
72150,"touch grass - bbno$"
72151,i see london i see france - bbno$
72152,top gun - bbno$
72153,"C'est La Vie - Yung Gravy"
72154,"CHE UOMO - Tuzzo"
72155,sophisticated - bbno$
72156,piccolo - bbno$
72158,mathematics - bbno$
72159,"edamame - JVG x NCO Remix - bbno$"
72160,"edamame - Miky Woodz Remix - bbno$"
72161,"2 time zones - bbno$"
72162,"tonight we fuckin' party - ANH, bbno$"
72163,"yoga - bbno$"
72164,i remember - bbno$
72165,"take a trip - Jungle Bobby, bbno$, ceo@business.net, lentra"
72166,"wussup - Yung Gravy, bbno$"
72167,my oh my - bbno$
72168,sorry - bbno$
72169,"bad to the bone - bbno$, lentra"
72170,"help herself - Diamond Pistols, bbno$"
72171,"Ngomso - DJ Lag Remix - Moonchild Sanelly, Stiff Pap, bbno$, lentra"
72172,"Special Price - Donnie, bbno$"
72173,"admit it - TrippyThaKid, bbno$, lentra"
72174,"keep up - TrippyThaKid, bbno$, lentra"
72312,"Whole Foods - Yung Gravy"
72313,"imma - bbno$, lentra"
72314,"jack money bean - Yung Gravy, bbno$, lentra"
72315,"backwards - bbno$, lentra"
72316,"0ffline - tha Supreme"
72317,"astrology - bbno$, lentra"
72318,"what would baby do? - bbno$, lentra"
72319,"quarantine freestyle - bbno$, lentra"
72320,"Mayo, No Fries! - Joost, bbno$"
72321,"Off The Goop - Cuco, Yung Gravy, bbno$"
72322,"Welcome to Chilis - Yung Gravy, bbno$"
72323,bad thoughts - bbno$
72324,"on god - Lewis Grant, bbno$"
72325,slop - bbno$
72326,"fabled - bbno$, lentra"
72327,"Whip A Tesla - Yung Gravy, bbno$"
72328,"sriracha - bbno$, lentra"
72329,hyrule temple - bbno$
72330,"With Ease - ANH, Billy Marchiafava, bbno$"
72331,"nursery - bbno$, lentra"
72332,"bunk - Swerzie, bbno$, lentra"
72333,"roo doo - bbno$, lentra"
72334,chess - bbno$
72335,"doubles - Downtime, Swerzie, bbno$"
72336,"jurassic - TrippyThaKid, bbno$, lentra"
72337,"dont tell me shit - Dbangz, Sonn, bbno$"
72338,"pennies up - MIA GLADSTONE, Mr. Carmack, Promnite, bbno$"
72339,"flex - Sonn, bbno$"
72340,"Viscasity - SwuM, bbno$"
72341,"Holetime - BosRico, DOGDEER, Hounds, Yung Bambi, bbno$"
72342,"tony thot - bbno$, lentra"
72343,"Early Afternoon Stroll - Yung Gravy, bbno$"
72345,"golden rule - Downtime, bbno$, downtime"
72346,"super saiyan flex - 8mc, Al Rocco, bbno$, yung castor"
72347,"who dat boi - So Loki, bbno$, lentra"
72348,"what i do - Yung Bambi, bbno$, lentra"
72349,"Rotisserie - Yung Gravy, bbno$"
72350,"drowning w/bbno$ - Downtime, bbno$"
72351,"coasting - Futon, bbno$, hollow"
72352,"what hook? - Trippy tha Kid, bbno$"
72353,"wonkybish - Senojnayr, Trippy tha Kid, bbno$"
72354,"benihana ft. yung gravy prod. sonn - Akay, Sonn, Yung Gravy, bbno$"
72355,"White Eyes - Arthrn, Yung Bambi, bbno$"
72356,"Spot a Thot - TrippyThaKid, Yung Bambi, bbno$, korosu"
72357,Pay Attention - bbno$
72359,"Don’t Stop It - Jaydan Wolf, Nito-Onna"
72361,"I Just Know - Arm & Gas, Nicola Fasano"
72362,"Universe - Raffaella Papa Remix - Arm & Gas, Nicola Fasano"
72366,"Dumb - Nicola Fasano Remix - Olivia Addams"
72367,"Latitude 436 - Dual Beat, Nicola Fasano"
72373,"Own the Night - Pedro Carrilho Remix - GrooveGalore Muzik, Honorebel, Nicola Fasano, Shaggy"
72376,"El Ritmo De Verdad - Nicola Fasano Edit Mix - Dual Beat, Nicola Fasano, South Rocketz"
72377,"Push The Feeling - Alex Guesta, Fatman Scoop, Nicola Fasano"
72383,"Push The Feeling On - Alex Guesta, Nicola Fasano Remix - Alex Guesta, Fatman Scoop, Nicola Fasano"
72387,"Lick It - Nicola Fasano, Dual Beat Remix - Miss Nipple"
72402,"Miami - Miami Rockets, Nicola Fasano"
72405,"No Way - Alex Guesta Remix - Miami Rockets, Nicola Fasano"
72417,"Big & Fat - Miami Rockets, Nicola Fasano"
72420,"Wine Up - Miami Rockets Video - Miami Rockets, Nicola Fasano, Victor Magan, Wiseman"
72424,"Ultimo Imperio - Steve Forest Remix - Atahualpa, Nicola Fasano"
72471,"Tell Me - Luca Guerrieri, Mat Twice, Nicola Fasano, Steve Forest, Tommy Vee"
72479,"Tell Me - M.E.G., N.E.R.A.K. Remix - Luca Guerrieri, Mat Twice, Nicola Fasano, Steve Forest, Tommy Vee"
72485,"O Canto da Cidade - Energy System, Lu Menezes, Nicola Fasano"
72497,"Tonite - The Perez Brothers Remix - Kat Deluna, Nicola Fasano"
72507,"Twilight - Nicola Fasano, Steve Forest Remix - Cover Drive, Nicola Fasano, Steve Forest"
72508,"Twilight - Cover Drive, Nicola Fasano, Steve Forest"
72512,"Jolly Roger Symphony - Nicola Fasano, Steve Forest Remix - Chandler Pereira, Laera"
72535,"Ándale - Nicola Fasano, Steve Forest Remix - Stereo Palma"
72536,"Stay - Nicola Fasano Remix - Ce Ce Rogers, CeCe Rogers, Mauro Ferrucci, Tommy Vee"
72537,"No Wasted Hearts  - Nicola Fasano, Ultra Naté"
72554,"Stand Up - Nicola Fasano, Terri B!"
72559,"76, Ocean Drive - Apache Remix - Nicola Fasano, Pat-Rich"
72560,"76, Ocean Drive - Nicola Fasano, Pat-Rich"
72575,"Been a Long Time - Nicola Fasano Remix - Yoshimoto"
72585,"75, Brazil Street - Nicola Fasano, Pat-Rich"
72586,"75, Brazil Street - Steve Forest, Paul Simon Remix - Nicola Fasano, Pat-Rich"
72592,"Elektro - Nicola Fasano Remix - Mister Gee, Mr. Gee, Outwork"
72598,"Missing - Nicola Fasano, Paula B."
72606,"King of My Castle - Nicola Fasano, Steve Forest Remix - Wamdue Project"
72609,"Feel My Body - Simon De Jano Remix) - Frank'O Moiraghi, Nicola Fasano, Simon De Jano"
72621,"Levitating - Amanda Yang, Kløn, Renzyx"
72626,Prey - Renzyx
72627,"Baile de Favela - MC Beibes, Mastiksoul, Mc Vini"
72628,"Debandada - Mastiksoul, pety"
72629,"Mala Mala - DYSTINCT, Mastiksoul"
72630,"Baixou - Eros & Wezsdy, Mary J, Mastiksoul"
72632,"Pancada - Eros, Eros & Wezsdy, Mastiksoul"
72635,"Nobody Else but You - Mastiksoul Remix - Trey Songz"
72637,"Livre - Mariza, Mastiksoul"
72643,Jungle Terror - Mastiksoul
72649,"Naked in The Streets - Renato S Remix - Francci, Mastiksoul"
72658,"Groove - Mastiksoul, The Groove"
72659,"Good For You - Danny Shah, Mastiksoul, Shaggy"
72662,"Good for You - Danny Shah, Mastiksoul, Shaggy"
72667,Dança do Campeão - Mastiksoul
72668,"Hands Up - D-Mol, Mastiksoul"
72677,"Dança do Bumbum - Afro Bros, Mastiksoul"
72681,"Forever - Mastiksoul, Silyvi"
72687,"Bang It All - Stefano Noferini Remix - Akon, Dada, Mastiksoul, Paul G"
72689,"Bang It All - David Jones Remix - Akon, Dada, Mastiksoul, Paul G"
72692,"King Of Drums - David Anthony, Genairo Nvilla, Mastiksoul"
72697,Mama Coça - Mastiksoul
72698,Jump Around - Mastiksoul
72709,Capotagem - Mastiksoul
72724,"Gasosa - Jahriki, Laton Cordeiro, Mastiksoul, The Shynerz"
72726,Jacobino - Mastiksoul
72727,"Tudo Bem - Laton, Mastiksoul"
72728,"Não Volto Mais - Anselmo Ralph, Los Manitos, Mastiksoul"
72729,"Tudo Nosso - Nada Deles - Los Manitos, Mastiksoul"
72730,"Estraga - D8, Los Manitos, Mastiksoul"
72731,"Tou na Moda - Los Manitos, Mastiksoul"
72732,"Maravilhosa - MC Lipi, Mastiksoul, Mc Lipi"
72733,"Gasosa - Laton Cordeiro, Mastiksoul"
72799,Work - Dante
72800,Eyes on Fire - Dante
72801,"Your Soul - Dante, Nick Havsen"
72806,"VIP - Dante, Nick Havsen"
72807,My Body - Dante
72808,Lust - Dante
72811,You Love Me - Dante
72879,"Follow U - Fraxy, Future Class"
72880,"Midnight - Future Class, JustLuke, NOËP"
72881,"What A Girl - Fafaq, Future Class"
72884,"Chemical Emotion - Future Class Remix - Principe"
72885,"Good Dope - Gorillowz Remix - Future Class, Makloud"
72886,"Good Dope - Douth! Remix - Future Class, Makloud"
72887,"Good Dope - Vicentini Remix - Future Class, Makloud"
72888,"Return To Forever - Future Class, Sielo, jeonghyeon"
72891,"Drive Me Loco - Future Class, Pump Gorilla"
72892,"Mario High - Future Class, RIVAS, Rivas (BR)"
72900,Every Second - Future Class
72902,"Out There - Future Class Remix - Pontifexx"
72903,"Revenge - Future Class Remix - Manimal"
72904,"Do You Like - Future Class, Lazy Bear"
72905,Dirty - Future Class
72911,"Back Against The Wall - aiai"
72913,"Pandora - KVSH, Malifoo Remix - DJ Matt D, MC GP, Menor MC, Vulgo FK"
72914,"Promise of the West - KVSH Remix - Joris de Man"
72916,"Colirio - Fábio Della, KVSH, The Fish House"
72917,"Way - BIG Naughty, CHOILB, GIRIBOY, KVSH, Kid Milli, Kim Seungmin, OLNL, THAMA"
72919,"SURREAL - KVSH, PEDRO SAMPAIO"
72920,"Descobridor dos Sete Mares Remix - JØRD, KVSH"
72922,"NINGUÉM ME ENSINOU - KVSH Remix - Lagum"
72924,"Amor de Fim de Noite - KVSH Remix - Orochi"
72925,"Um Lugar - Sest"
72926,"Smoke Me - CRÜPO, Conan Mac, KVSH"
72928,"Gimme Gimme - KVSH, Lucas Borchardt, Samhara"
72929,"Guerra e Paz - Jota Quest, KVSH"
72934,"I Don't Know Why - KVSH, Mojjo"
72936,"Bola De Good - KVSH, Mandragora, Samantha Machado"
72937,"Jogo do Amor - Calé, KVSH"
72938,"Puro Êxtase - Groundbass, Zanon"
72942,Pieces - KVSH
72943,Tokyo Drift - KVSH
72944,"About you - jeebanoff"
72945,"Puro Êxtase - Breno Miranda, KVSH"
72946,"Pop Dat Hood - KVSH Remix - Earstrip, Hydro"
72947,Potter - KVSH
72948,"Poeta Vilão - Alex Romariz, Fabricio, KVSH, Zaca de Chagas"
72949,"Love Is The Highest Power - KVSH Remix - Clubbers, Joy Corporation"
72951,"Clever Words - KVSH Remix - Earstrip"
72952,Feel It - KVSH
72953,"Clash - Flame City, KVSH"
72954,IDFWY - KVSH
72956,Low Nigga - KVSH
72958,Sister - Kubi
72959,Dream - Kubi
72960,In My Back - Kubi
72961,"Voices - Kubi, WOAK"
72962,"Camisa - Kubi, Sam Shelby"
72963,Id Sax - Kubi
72964,"I House You - Kubi, Murotani"
72965,"Move - Kubi, Murotani"
72966,Work - Kubi
72967,"Damage - Kubi, Wina"
72968,"Get Down - Kubi, Victor Lou"
72969,"Boy - Kubi, Nēw Dance"
72970,"Pa Pa Pa - Kubi, Yamamoto"
72971,Brighter Days - Kubi
72972,Hash - Kubi
72973,"Over Bitch - Dash Groove, Kubi, Maaker"
72974,"Better Dirty - Kubi, Kuller"
72975,"Trombone - Kubi, RENNAN"
72976,"Sexytrack - Douth!, Kubi"
72978,"Mamita - Kubi, Vylow"
72979,Girls Bounce - Kubi
72980,"Turn Around - Dash Groove, Kubi"
72983,"India - Kubi, LÖST, RENNAN"
72984,"Tension - Kubi, Vokker"
72985,"Qr Code - Kubi, VINNE"
72987,Trumpet - Kubi
72988,Motherfucker - Kubi
72990,"Boom - HUBBA, Kubi"
72991,"Stranger Things - Captain Jack BR, Kubi"
72996,"Awakenings - Krash, Krash!, Kubi"
72997,Famous Girl - Kubi
73003,"Give You Up - Rivaz, Botteghi Remix - Tommy Vee"
73004,"Love Love Love - Rivaz, Botteghi Remix - Gary Caos, Gary Pine, Lopez"
73015,"Qué Chimba - Rivaz, Botteghi Remix - Maluma"
73028,"All I Need - Botteghi, Michael Schulte, Rivaz"
73046,Call Me - Luke DB
73048,"Taja - Luke DB, South Rocketz"
73049,Saturday - Luke DB
73052,"Strings Of Life - DJ TORA, Daishi Dance, Luke DB"
73053,Get Busy - Luke DB
73061,"King of the Jungle - Luke Db, Attilson Remix - SHANGUY"
73071,"Ponteme - Luke DB, Attilson Remix - Jenn Morel"
73086,"My Desire - Eddy J, Luke DB"
73114,Listen To Me - Chris River
