id,name,artist,platform
70001,Dreams About You - Dreamy Remix,"Christian Drost, Dreamy",Track
70009,Lost In Your Eyes,Love N Frequency,Track
70010,Lost In Your Eyes - Manuel Rocca Remix,"Love N Frequency, Manuel Rocca",Track
70035,Perception,Alae Khaldi,Track
70040,Ethereal - Kago Pengchi Remix,"Kago Pengchi, Odonbat",Track
70045,Sunrise - Lence & Pluton Remix,"Denis Kenzo, Lence & Pluton, PLUTON",Track
70046,Sunrise,Denis Kenzo,Track
70078,Starclad,"Christian Zechner, Lira Yin",Track
70099,Drifting Through Darkness - Photographer Remix,"Chris Turner, Luke Terry, Photographer",Track
70114,Peak Experience,Jo Micali,Track
70115,Beautiful Sunset,Jo Micali,Track
70122,Midnight Blue,Scott Lowe,Track
70123,Tales From The Forest,Luke Terry,Track
70141,Anima - Solid Stone's On The Beach Remix,"Pavel Polyakov, Rinat Shabanov, Solid Stone",Track
70142,Early Sunrise - Hoyaa Remix,"Hoyaa, Jo Micali",Track
70143,Early Sunrise,Jo Micali,Track
70146,Counting Stars - Stonevalley Remix,"Luke Terry, Stonevalley",Track
70152,Paradise - Luke Terry Remix,"Luke Terry, Rave Channel",Track
70192,Last Sun - Beat Service Remix,"Beat Service, Bushi",Track
70196,I Still Fall - Matias Lehtola Dub,"Matias Lehtola, Sasha Virus",Track
70206,7 Suns - Adam Nickey Remix,"Adam Nickey, Mark Arbor",Track
70209,23 Kisses - Trance Arts Remix,"Bushi, Trance Arts",Track
70223,Love Victims - Temple One Remix,"Temple One, Thomas Coastline",Track
70226,All I Need To Know - Dereck Recay Remix,"Claire Willis, Dereck Recay, Trance Arts",Track
70227,Equator,Dmitry Bessonov,Track
70235,Slippery Beast - Moonwalk Remix,"Dave Seaman, Moonwalk",Track
70236,Vision feat. Thomas Gandey,"Definition, Moonwalk, Thomas Gandey",Track
70237,Orbital,Moonwalk,Track
70238,Reflection,Moonwalk,Track
70240,Turning Away,Moonwalk,Track
70244,Acid,Moonwalk,Track
70245,Acid - Max Chapman Remix,"Max Chapman, Moonwalk",Track
70254,Darko,Moonwalk,Track
70256,Hudson River - Lee M Kelsall Remix,"Fractales, Lee M Kelsall, Moonwalk, Newbie Nerdz",Track
70264,Free from Your Love,"Baraka, Moonwalk",Track
70270,Girl For You,Moonwalk,Track
70274,Sakura Blossom,Sébastien Léger,Track
70275,Pamparis,Sébastien Léger,Track
70277,Firefly,Sébastien Léger,Track
70278,Stevie,Sébastien Léger,Track
70283,Giza,Sébastien Léger,Track
70284,Sirene,Sébastien Léger,Track
70285,Fibulae,Sébastien Léger,Track
70290,Skadi,Sébastien Léger,Track
70291,Forbidden Garden,Sébastien Léger,Track
70292,Forbidden Garden - Tim Green Remix,"Sébastien Léger, Tim Green",Track
70297,Tristesse,Sébastien Léger,Track
70301,Model D,Sébastien Léger,Track
70302,Jer,Sébastien Léger,Track
70303,Hamac,Sébastien Léger,Track
70304,Pluie Rouge - Sebastien Leger Remix,"Marst, Sébastien Léger",Track
70305,Brainwasher,Sébastien Léger,Track
70306,Clouds,Sébastien Léger,Track
70310,Oracle - Arjuna Schiks remix,"Arjuna Schiks, Sébastien Léger",Track
70311,Trytosphere,Sébastien Léger,Track
70339,Spaguette,"Heartik, Sébastien Léger",Track
70345,Opale,"Siwell, Sébastien Léger",Track
70348,Imaginary Paradise,Sébastien Léger,Track
70373,The Skyy Soul,Sébastien Léger,Track
70398,No Problem,"Junior Sanchez, Sébastien Léger",Track
70401,Tonight,Sébastien Léger,Track
70402,10sko Defection,Sébastien Léger,Track
70404,1999 Flavors,Sébastien Léger,Track
70411,Midnight - DJ Nekbath Remix,"DJ Nekbath, Sébastien Léger",Track
70412,Jungle Anthem,Sébastien Léger,Track
70415,Atomic Pop,Sébastien Léger,Track
70419,K-una,Sébastien Léger,Track
70423,Bouteille à La Mer,Sébastien Léger,Track
70424,Diametrik - DJ Nekbath Remix,"DJ Nekbath, Sébastien Léger",Track
70435,Chicayork,Sébastien Léger,Track
70436,Saturation,Sébastien Léger,Track
70446,Seems So Far,Sébastien Léger,Track
70447,Tonight,"Deaf'n Dumb Crew, Sébastien Léger",Track
70449,Grab My Hips,Sébastien Léger,Track
70476,Ghost,"Chris Lake, Sébastien Léger",Track
70477,Jaguar,Sébastien Léger,Track
70485,Mars,Sébastien Léger,Track
70492,Hit Girl,Sébastien Léger,Track
70494,Aqualight,"Chris Lake, Sébastien Léger",Track
70495,Striped Flower,"Chris Lake, Sébastien Léger",Track
70497,Maximal,Sébastien Léger,Track
70502,Take Your Pills,Sébastien Léger,Track
70503,"Three Day Week-End - Sebastien Leger ""Last Resort"" Mix","Sébastien Léger, Étienne de Crécy",Track
70505,Thorny,Sébastien Léger,Track
70509,Let Me Take You (On a Journey) - Sebastien Leger Remix,"Sébastien Léger, Van Bellen",Track
70511,Rising Love - Louders Remix,"Andrea Alessi, Arno Cost & Norman Doray, Mike Taylor",Track
70512,Rising Love,"Arno Cost & Norman Doray, Frederik Stigsson, Mike Taylor, Robert Allouche",Track
70513,"Hold Back, Turn Back - Norman Doray Remix","Lee Cabrera, Norman Doray, Richard F.",Track
70516,Tell The World - Shorter Edit,"Norman Doray, Sneaky Sound System",Track
70517,Sweet Freedom - The Reflex Revision,"Darren Crook, Norman Doray, The Reflex",Track
70518,Sweet Freedom - Club Mix,"Darren Crook, Norman Doray",Track
70519,Sweet Freedom,"Darren Crook, Norman Doray",Track
70521,Tell The World - Vocal Mix,"Norman Doray, Sneaky Sound System",Track
70522,Tell The World,"Norman Doray, Sneaky Sound System",Track
70524,Do What,Norman Doray,Track
70531,Cracks,"Andreas Moe, Norman Doray",Track
70538,Kalifornia,Norman Doray,Track
70547,Tobita,"Cr2 Presents LIVE & DIRECT - MYNC, Norman Doray, Tobita, Winter Mix 2009",Track
70553,Last Forever - Vocal Radio Edit,"Cr2 Records, Errol Reid, Last Forever, Norman Doray, Original Vocal Mix, Tristan Garner",Track
70560,Last Forever - Original Vocal Mix,"Cr2 Records, Errol Reid, Last Forever, Norman Doray, Original Vocal Mix, Tristan Garner",Track
70565,El Tumbao - Baccanali DJs Remix,"Baccanali Djs, T. Tommy, Victor Perez",Track
70570,Auroras,Adam Rickfors,Track
70571,Thing Called Love,"DJ Crespo, Landis",Track
70572,Bodybang,Kill FM,Track
70574,I Need You,"Maayan Rechler, Mantrastic",Track
70575,I Wanna Be,"Kieran Andrews, Max Chapman",Track
70578,Madiba,Steve Mulder,Track
70584,Sacellum - Kungs Remix,"Füchse, Kungs",Track
70585,Far East - Blaster Jaxx Remix,"Blasterjaxx, Jack Eye Jones",Track
70586,Bamboo Rush,Repow,Track
70593,La Passione - Chris Von Nunchaku Remix,"Chris Von Nunchaku, Elio Riso",Track
70594,Mara - Breaux & Carnage Festival Trap VIP Mix,Breaux,Track
70596,Unspoiled Perfection - Miami Edit,"Adrian Delgado, Deorro, Madeleine Jayne",Track
70599,Zen - Club Mix,"Loudan, Regoton",Track
70600,Sweet Life,Rick Wade,Track
70601,Leviathan,"Aviary, Freeform Five, Freeform Reform, Róisín Murphy",Track
70602,Stop,Patrick Topping,Track
70603,Whowillluvu - Vidis Remix,"FREnchfire, Vidis",Track
70604,Unspoiled Perfection,"Adrian Delgado, Deorro, Madeleine Jayne",Track
70607,You Say Hello - Abel Ramos Remix,"Abel Ramos, Pic Schmitz",Track
70608,Trivia,Florian Picasso,Track
70610,Took My Love,"Electronic Youth, Rita Campbell",Track
70611,Leslie Crowther,Shenoda,Track
70615,Playing With Knives,"Bizarre Inc, Quadrant",Track
70617,Need This,Santé,Track
70618,Knowing We'll Be Here (KiNK Remix),"Daniel Avery, Kink",Track
70619,The Zuera Never Ends,Repow,Track
70622,Dreamer,Manu Gonzalez,Track
70623,Liberal Zee - Session Victim Remix,"Jay Shepheard, Matthew Burton, Session Victim",Track
70625,LZRFNK,Autoerotique,Track
70626,Oh Fak,Kolabz,Track
70627,Match Point,"Arston, Artsiom Kozel, D-Mad, Dmitry Lysenko",Track
70628,Deal Breaker - Dyro Remix [Exclusive Miami MYNC Re-Boot],"Dyro, LOOPERS, MYNC",Track
70629,Kill for Love,"Cleov, Marlon Hoffstadt",Track
70630,Any Day,"Dzeko, Dzeko & Torres, Gallantry, Jack Trantides, Julian Dzeko, Jus Jack, Luis Torres Raposo, Torres",Track
70631,Perfect Storm - Clockwork Remix,"Benny Benassi, Clockwork, Pink Is Punk",Track
70632,Reset,Luca Novelli,Track
70633,A Fifth of Beethoven - The Reflex Re-Vision,"Henri-Pierre Noel, The Reflex",Track
70637,Cluster,"Niels van de Pavert, Nilson",Track
70640,Night Time,"Daniel Escora Trim, Dj Obek, MC Ambush, Silco",Track
70644,Default,Kura,Track
70646,Aurora,Romeo Blanco,Track
70648,A La Hora Que Me Ilamen - Latino Mix,"Antonio Martinez Antolino, T. Tommy, Victor Perez, Victoriano Pérez Ruio",Track
70651,Black Eyes & Blue - MYNC & Mario Fischetti Remix,"CLMD, Carl Lehne, MYNC, Mario Fischetti, Paul Zala",Track
70652,Black Eyes and Blue,"CLMD, Carl Lehne, Paul Zala",Track
70653,Balearique,"DJ Rocca, Dimitri From Paris",Track
70654,Looking For Love - Original Club Mix,"Aviram Saharai, Fenja, Itay Yona, Niels van de Pavert, Nilson, Nissim Kadosh, The 8th Note",Track
70656,Walking in the Night,"Hard Ton, Nina Kraviz",Track
70657,Love Is The Drug - Todd Terje Disco Dub,"Roxy Music, Terje Olsen, Todd Terje",Track
70659,No Satisfaction,"Lajos Fodor, Paul Strive, Richard Searle",Track
70660,Paloma - Mudds Slender Loris Mix,"Cantoma, Mudd",Track
70664,Down (feat. Rachel Lloyd),Afterlife,Track
70670,Ilha Grande,Alex Miles,Track
70676,Sir John,White Elephant,Track
70677,Baa Boo,Reverso 68,Track
70679,Punto Com,"Augustin Festa, DJ PP, Festa Bros, Gabriel Rocha",Track
70683,Moufas,Mihalis Safras,Track
70687,Thank You - MYNC Exclusive Edit,"Hard Rock Sofa, MYNC, Swanky Tunes",Track
70688,Ocho,Ant Brooks,Track
70689,Out Of Gas,Mikalogic,Track
70690,Buhstyle,Stefano Noferini,Track
70703,Nubia,"Darren Sheehan, Dashka, Sebastien Lintz",Track
70705,Nothing Left To Lose,"NO_ID, Noid, Ralph van Vugt, Sebastien Lintz, Thomas Olsen, Tommy Trash",Track
70707,June,Andrew Bennett,Track
70709,Sweet Sensation - Club Mix,Etienne Ozborne,Track
70713,Benirras,"Heikki L, Heikki Liimatainen, Something Good",Track
70720,Violet,"Chase Buch, Fatih Inetas, Nick Olivetti, Nicola Olivetti",Track
70722,Bang,"Darko De Jan, Darko Janevski, Greg Stainer",Track
70723,Killa Tune,Sergio Fernandez,Track
70726,Merz,"James Ruskin, Mark Broom, Mark Broom & James Ruskin",Track
70727,Jaws,"Gregori Klosman, Gregori Slakmon",Track
70728,Nammos,"Cameron Denny, Denzal Park, Paul Zala",Track
70731,Timeless Altitude - Secret Cinema's 2011 Mix,Secret Cinema,Track
70735,Who Am I,"Andretta, Marcelo F Morana, Patrick M",Track
70741,Gonna Be My Day - Henrik Schwarz Acoustronic Remix,"Henrik Schwarz, Marsmobil",Track
70743,Go For That - MYNC Edit,"Felix Leiter, MYNC",Track
70748,No Disco,"Ross Evana, Ross Evans",Track
70750,Ascension - Instrumental Mix,Soul Central,Track
70751,MYNCDJ Is Our Twitter,MYNC,Track
70755,Superdelight,"Heikki L, Heikki Liimatainen",Track
70757,Balcania,Tim Vita,Track
70768,Boungaville,Fausto Messina,Track
70770,Shunyata,"Frank Heinrich, Reboot",Track
70771,Terrace,"DJ Wady, Hulk Is Back EP, Space Ibiza",Track
70779,Los Brujos - Loko Remix,"Berto Mene, Loko",Track
70780,Sundowna - Dyed Soundorom & Shonky Remix,"Dyed Soundorom, Shonky, Till Von Sein",Track
70792,Knight Rider,"Filth, Filth & Splendour, Filth And Splendour, Hot Pick / Knight Rider, James Wilson-Beales, Kings Of The Underground Vol. 3, Knight Rider, Splendour",Track
70793,Hot Pick,"Filth, Filth & Splendour, Hot Pick, Hot Pick / Knight Rider, James Wilson-Beales, Splendour",Track
70795,Alininha - Edu Imbernon Remix,"Edu Imbernon, Paolo Mojo",Track
70801,Give It Up,"Give It Up, Momma's Boy, Space Ibiza - Around The World",Track
70806,Flexwood,"Alex Tepper, Flexwood, Space Ibiza - Around The World, Space Ibiza - Around The World Unmixed DJ Format, Steve Lawler",Track
70807,Where Is Monday,"Okain, Where Is Monday",Track
70814,Cultura De Radio - Supernova Remix,"Emijay, Supernova",Track
70817,Mamdaye,"Julien Chaptal, Mamdaye",Track
70835,Music Brings You Back,"Cr2 Presents LIVE & DIRECT - MYNC, Music Brings You Back, Nina Hall, Vision Factory",Track
70843,Reload,Norman Zube,Track
70844,Gems,Ortzy,Track
70854,21st Century Ketchup - Tim Green Less K Remix,"Steve Lawler, Tim Green",Track
70882,Beneath You,Mark Mendes,Track
70885,Royal Flush,"Big L, Gap 4, Royal Flush",Track
70887,Pacific,Freemasons,Track
70888,Feel I'm Falling - Dub Mix,"16BL, Raz Nitzan",Track
70901,Funk Country - Micky Slim Remix,"Micky Slim, Ryan Murgatroyd, Tasha Baxter",Track
70904,Flash - Danny Tenaglia's Nitrous Oxide Mix,"Danny Tenaglia, Green Velvet",Track
70907,54B,Mudd,Track
70912,Sunday Trip,Danny Freakazoid,Track
70914,The Return Of The Vigilante,"ATFC, ATFC Presents The Vermicious Knids, Cr2 Records, Funky House Classics Volume 3, Retrun Of The Vigilante, The Return Of The Vigilante, The Vermicious Knids, Vermicious Knids",Track
70915,The Bump - Tonite Only Mix,"Hook N Sling, Kid Kenobi, Tonite Only",Track
70918,Piano Track - Original Re-Edit,"Bush II Bush, Piano Track",Track
70924,Glasgow's Jazz - Derrick Carter Remix,"DJ Q, Derrick Carter",Track
70926,Brighter Days - Mark Broom Disco Mix,"Cajmere, Curtis Alan Jones, Dajae, Dana Stovall, Mark Broom",Track
70927,Love Is The Drug,"Bryan Ferry, Roxy Music, Todd Terje",Track
70929,Because,Father And Son,Track
70930,Love U - Anton Wick Rework,"Anton Wick, John Modena",Track
70932,Sweet Love,"Flane, MakerJack",Track
70934,My Mind - Les Bisous Remix,"Father And Son, Les Bisous",Track
70935,Takin Over,Agrume,Track
70936,Ballade,B&S Concept,Track
70944,Lemme Know,Agrume,Track
70948,My Mind,Father And Son,Track
70949,Skrt Skrt,Muttonheads,Track
70954,Step Off,Agrume,Track
70958,I'm Your Woman,Muttonheads,Track
70959,With You Not Around,B&S Concept,Track
70962,I Don't Wanna,"Agrume, Crystal Waters",Track
70966,I Like You But...,"Agrume, Muttonheads",Track
70968,The Way You Dance,"Fab S, Fab's, Moon Arch",Track
70971,Lordy,Bufalo,Track
70976,I Feel,Moon Arch,Track
70978,Heavenly - Joachim Garraud Remix,"DJ Chris Pi, Didier Sinclair, Didier Sinclair & DJ Chris Pi, Joachim Garraud",Track
70979,Lovely Flight - Phil Weeks Remix,"Didier Sinclair, Phil Weeks",Track
71178,Warm Memories,Demon Ritchie,Track
71184,The Power,"Eden Martin, Muttonheads",Track
71196,Going Away,"Eden Martin, Muttonheads",Track
71208,Peace,Michael Feiner,Track
71213,Burning Heart,Arias,Track
71215,Redblack,Arias,Track
71217,Tutu,Arias,Track
71220,Saturday Night Michael Feiner Radio Edit,"Daniel Lindström, Michael Feiner",Track
71223,Etheral Sunshine - Nelsen Grover Remix,"Muttonheads, Nelsen Grover",Track
71225,Need U 2008 - Original Edit Radio,"Mathieu Bouthier, Muttonheads",Track
71233,Touch Your Mind (feat. Karine Lima) - Arias Remix,"Arias, Di Feno & Alls",Track
71236,Feel The Wave,"Didier Sinclair, Lady V",Track
71237,I'll Be There,"Muttonheads, The Frenchmakers",Track
71240,Heavenly,"DJ Chris Pi, Didier Sinclair",Track
71241,Smashing Music,Muttonheads,Track
71250,Ready E,Soldiers of Twilight,Track
71252,Believe,Soldiers of Twilight,Track
71253,Drive On,"Demon Ritchie, Soldiers of Twilight",Track
71256,Carl Fish,Paris Angeles,Track
71257,"Bareto (feat. Yung Iverson, Jambene, RK Wavy, PALACE & Oliver Outc)","Akapellah, Jambene, Junior Caldera, PALACE, RK wavy, Trainer, Yung Iverson",Track
71258,Envidioso,"Junior Caldera, Trainer",Track
71264,Lights Out (Go Crazy),"Far East Movement, Junior Caldera, Natalia Kills",Track
71265,(It Is) Blasphemy,Junior Caldera,Track
71271,Sit Down,"DRTJCK, Ken Roll",Track
71277,Disco Inferno,Ken Roll,Track
71279,In and Out The States,Soulja Boy,Track
71280,New Me (feat. Soulja Boy & Luh Kel),"Luh Kel, Soulja Boy, Star 2",Track
71281,Bust It Down,Soulja Boy,Track
71282,CAN'T EVEN LIE (feat. Soulja Boy),"Soulja Boy, WESTSIDE BOOGIE",Track
71284,Shit Talker,Soulja Boy,Track
71286,Epidemic,"Boosie Badazz, Soulja Boy",Track
71287,BTBT,"B.I, DeVita, Soulja Boy",Track
71288,Damage,"EBK Young Joc, Soulja Boy",Track
71289,Blue Cheese,Soulja Boy,Track
71300,Really Paid,Soulja Boy,Track
71309,Big W's,Soulja Boy,Track
71310,Double Cup Wocky,Soulja Boy,Track
71315,Go Crazy,"Desiigner, Soulja Boy",Track
71319,Trap Jumping Like A Trampoline,Soulja Boy,Track
71324,Balenciaga Baby,Soulja Boy,Track
71325,Put That Shit On,Soulja Boy,Track
71326,Slime Em Down,Soulja Boy,Track
71328,Swag Walk,Soulja Boy,Track
71336,Gone,Soulja Boy,Track
71339,Chain Gang,Soulja Boy,Track
71342,Vlone,Soulja Boy,Track
71347,Walk Em Down,Soulja Boy,Track
71348,Mona Lisa,"Lil Pump, Soulja Boy",Track
71350,Dracos And Glocks,"Soulja Boy, Troy Ave",Track
71351,They Call Me Draco Baby,Soulja Boy,Track
71354,Broke,Soulja Boy,Track
71356,Flexin,"Feby, Soulja Boy",Track
71358,Figured It Out,Soulja Boy,Track
71359,Bands Up,Soulja Boy,Track
71360,Dancing Like Diddy,Soulja Boy,Track
71362,Island,Soulja Boy,Track
71364,Pressure Breaks Pipes,Soulja Boy,Track
71366,Stretch Some,Soulja Boy,Track
71367,On My Way,"Ray J, Soulja Boy",Track
71372,Drake,"Lor Sosa, Soulja Boy",Track
71374,Squid Game,Soulja Boy,Track
71376,Big Racks,Soulja Boy,Track
71377,EX,"Bow Wow, Omarion, Soulja Boy",Track
71378,Sneaky Link 2.0,"HXLLYWOOD, Kayla Nicole, Soulja Boy",Track
71379,Iced Out - Remix,"Lil Chimey, Soulja Boy, Uneekint",Track
71382,Trip-Trippin (feat. Soulja Boy),"Flight, Soulja Boy",Track
71384,Shawn Carter,Soulja Boy,Track
71385,I Pity The Fool,Soulja Boy,Track
71386,Hit It,"DJ Ryan Wolf, IDD ACKK, Soulja Boy, Ty Bri",Track
71387,Yellow On Yellow,Soulja Boy,Track
71394,Paraphernalia,Soulja Boy,Track
71402,I'm A Rockstar,Soulja Boy,Track
71434,My Type,"Soulja Boy, Tylan",Track
71435,Pricey,"Barlito, DJ Diddy, Soulja Boy",Track
71447,Copy & Paste,"Soulja Boy, T.I.",Track
71450,Rick & Morty,Soulja Boy,Track
71451,Get That Bag,"ROO $TACKS, Soulja Boy",Track
71452,She Make It Clap,Soulja Boy,Track
71461,30 Missed Calls,Soulja Boy,Track
71468,Pandemic,Soulja Boy,Track
71481,In Here,Soulja Boy,Track
71487,Stove,Soulja Boy,Track
71488,Say So,Soulja Boy,Track
71493,Ks9,Soulja Boy,Track
71502,Slide,Soulja Boy,Track
71504,She Don't,"Jay Santiago, Soulja Boy",Track
71509,What I'm Into,Soulja Boy,Track
71511,Woah,"Charlo Bates, Soulja Boy",Track
71513,Who I Am,"Kristen Hanby, Soulja Boy",Track
71514,#InstaFamous,"JBar, Soulja Boy, Taiya",Track
71516,Cheerios,"Jessy Frank, Soulja Boy",Track
71518,Breakout,"Almost Famous, Soulja Boy",Track
71519,Romantic,"Machai, Soulja Boy",Track
71520,Walk in the Drip,"Q Money, Soulja Boy",Track
71522,Jeopardy,"Hammon, Rarri, Soulja Boy",Track
71524,Rich N Whippin,"Ray J, Soulja Boy",Track
71525,Top (feat. Soulja Boy),"Higher Brothers, Soulja Boy",Track
71526,My Valentine,"24hrs, Soulja Boy",Track
71527,Cut Dat Check,Soulja Boy,Track
71528,SadSouljaFrosty (feat. Soulja Boy),"Sad Frosty, Soulja Boy",Track
71529,New Drip,"Da Mista, Soulja Boy",Track
71530,Big Tymers,"Morgan Westbrooks, Soulja Boy",Track
71533,Kill or Be Killed....,"Quentin Miller, Soulja Boy",Track
71535,Overseas Drip,Soulja Boy,Track
71540,Gated (feat. Soulja Boy),"Chief Keef, Soulja Boy",Track
71542,Young Black Larry Bird,Soulja Boy,Track
71547,Drip on Me,Soulja Boy,Track
71552,Woo,"Chief Keef, Soulja Boy",Track
71554,You Can't Do It Like Me,Soulja Boy,Track
71557,Forever,Soulja Boy,Track
71559,No Hook (True Story),Soulja Boy,Track
71569,Hml,Soulja Boy,Track
71572,Hellcat,Soulja Boy,Track
71573,I Got the Recipe,Soulja Boy,Track
71578,New Money,Soulja Boy,Track
71581,Mega Star,Soulja Boy,Track
71583,Rollie Wrist,Soulja Boy,Track
71585,Bandz Up,Soulja Boy,Track
71586,Skrt,Soulja Boy,Track
71587,Ice Ice,Soulja Boy,Track
71588,Cotton Candy,Soulja Boy,Track
71660,Stupid Clean,Soulja Boy,Track
71663,Whole Lot of Money,Soulja Boy,Track
71671,Draco,Soulja Boy,Track
71677,John Gotti,Soulja Boy,Track
71678,Pesos,Soulja Boy,Track
71687,"Fight, Fuck, & Make Up","Bow Wow, Soulja Boy",Track
71690,Hit Them Folks,Soulja Boy,Track
71694,Pull Up,"Philthy Rich, Soulja Boy",Track
71695,Rockstar,Soulja Boy,Track
71701,Wanna Be Like Soulja,Soulja Boy,Track
71703,Pineapple Fanta,Soulja Boy,Track
71710,Her Body,Soulja Boy,Track
71711,My House,"Bow Wow, Soulja Boy",Track
71724,Ric Flair,"Bow Wow, Soulja Boy",Track
71725,Day One,Soulja Boy,Track
71732,All I Need,Soulja Boy,Track
71739,In the Air,Soulja Boy,Track
71740,Ball,Soulja Boy,Track
71745,Stephen Curry,Soulja Boy,Track
71773,Money Steady Coming,Soulja Boy,Track
71791,In His Face,Soulja Boy,Track
71793,Plug Talk,Soulja Boy,Track
71794,Aww Yeah,Soulja Boy,Track
71801,Spend It All,Soulja Boy,Track
71828,Whippin My Wrist,Soulja Boy,Track
71829,Og Gas (feat. Rich the Kid),"Rich The Kid, Soulja Boy",Track
71832,Don't Nothing Move but the Money,Soulja Boy,Track
71833,Trap Party,Soulja Boy,Track
71839,Panamera,Soulja Boy,Track
71842,Hurricane,Soulja Boy,Track
71849,Brazil We Flexing,"MC Guime, Soulja Boy",Track
71850,Red Bottoms & Balenciaga,Soulja Boy,Track
71855,Gas (feat. Migos),"Migos, Soulja Boy",Track
71858,Bentley Truck,Soulja Boy,Track
71862,Aye,Soulja Boy,Track
71880,Triple Beam,Soulja Boy,Track
71884,What You Mean (feat. Soulja Boy),"Doe Boy, Future, Soulja Boy",Track
71890,Ridin Round,Soulja Boy,Track
71891,We Ready (feat. Migos),"Migos, Soulja Boy",Track
71908,I'm Getting Money,Soulja Boy,Track
71920,Fuck You Up,"Fredo Santana, Soulja Boy, Tadoe",Track
71926,Trigger Finger - Album Version (Edited),"Lil Wayne, Soulja Boy",Track
71928,UH OH,"Gold Top, Soulja Boy",Track
71930,Molly,Soulja Boy,Track
71941,NuReligion,Soulja Boy,Track
71942,3hunna (Remix),"Chief Keef, Soulja Boy",Track
71943,Save That Shit,"Chief Keef, Soulja Boy",Track
71948,Tear it Up,Soulja Boy,Track
71950,Ocean Gang,Soulja Boy,Track
71954,Im So Important (Came Out The Water Part 2),Soulja Boy,Track
71955,Louis Vuitton,"Bow Wow, Soulja Boy",Track
71961,All Gold Everything,"Soulja Boy, Young L",Track
71964,I'm A Goner,"Andrew W.K., Matt and Kim, Soulja Boy",Track
71975,Iced Out (feat. Soulja Boy),"Soulja Boy, Waka Flocka Flame",Track
71979,Soulja Boy Checks In,"Lil B, Soulja Boy",Track
71980,All I Know,"Cap Dre, Lil B, Soulja Boy, Waka Flocka Flame",Track
71988,Cooking Dance,"Lil B, Soulja Boy",Track
72017,Soldier Boy,Soulja Boy,Track
72035,Speakers Going Hammer,Soulja Boy,Track
72036,G Walk,"Lil Jon, Soulja Boy",Track
72037,Grammy,"Ester Dean, Soulja Boy",Track
72038,Bad (feat. Chris Brown and Soulja Boy),"Chris Brown, J-SLIM, J-Slim, Soulja Boy",Track
72039,Mean Mug,"50 Cent, Soulja Boy",Track
72040,Swag Sex,"Marques Houston, Soulja Boy",Track
72041,Hey Cutie,"Soulja Boy, Trey Songz",Track
72043,First Day Of School,Soulja Boy,Track
72044,Touchdown,Soulja Boy,Track
72046,Blowing Me Kisses,Soulja Boy,Track
72048,30 Thousand 100 Million,"AR-AB, Arab, Lil B, Soulja Boy",Track
72049,Daze,"Ja-bar, Soulja Boy",Track
72054,B.O.R. (Birth of Rap),"Lil B, Soulja Boy",Track
72063,Delirious,"Soulja Boy, Vistoso Bosses",Track
72064,Kiss Me Thru The Phone - Soul Seekerz Radio,"Sammie, Soulja Boy",Track
72067,I'm Ballin,Soulja Boy,Track
72068,POW,Soulja Boy,Track
72070,Marco Polo (feat. Soulja Boy Tell 'Em),"Bow Wow, Soulja Boy",Track
72071,Kiss Me Thru The Phone,"Sammie, Soulja Boy",Track
72072,Bird Walk - Main,Soulja Boy,Track
72073,Hey You There,Soulja Boy,Track
72075,I'm Bout Tha Stax (intro),Soulja Boy,Track
72076,Eazy,Soulja Boy,Track
72077,Booty Got Swag,Soulja Boy,Track
72078,Rubber Bands,Soulja Boy,Track
72079,Soulja Boy Tellem,Soulja Boy,Track
72087,Crank That (Soulja Boy) - Crank That (William Geslin Remix),Soulja Boy,Track
72092,Yahhh!,Soulja Boy,Track
72093,Donk,Soulja Boy,Track
72094,Pass It To Arab,Soulja Boy,Track
72096,Sidekick,Soulja Boy,Track
72097,Crank Dat Dance,Soulja Boy,Track
72098,Intro,"Bow Wow, Soulja Boy",Track
72099,Crank That (Soulja Boy) [Travis Barker Remix],"Soulja Boy, Travis Barker",Track
72101,Let Me Get Em,Soulja Boy,Track
72103,She Thirsty,Soulja Boy,Track
72104,Booty Meat,Soulja Boy,Track
72105,Bapes,Soulja Boy,Track
72112,Snap And Roll,Soulja Boy,Track
72115,Report Card,Soulja Boy,Track
72117,Soulja Girl,"I-15, Soulja Boy",Track
72120,I Got Me Some Bapes,Soulja Boy,Track
72125,Clumsy - Collipark Remix,"Fergie, Soulja Boy",Track
72127,Wasteland Warriors (feat. Souljah Boy),"Bone Thugs-N-Harmony, Soulja Boy",Track
72128,DIRT (feat. JPEGMAFIA),"JPEGMAFIA, Y2K",Track
72129,Wawawa,"Y2K, bbno$",Track
72130,Damage is Done,"JoJo, Y2K",Track
72131,OH NO,"KILLY, Y2K",Track
72134,thankful,"Lewis Grant, Y2K, bbno$",Track
72135,money conversation,"Y2K, bbno$",Track
72138,See Me Fall - Y2K Remix,"Ro Ransom, Y2K",Track
72139,Stranger (feat. Elliphant) - Y2K Remix,"Elliphant, Peking Duk, Y2K",Track
72142,Damn - umru Remix,"Y2K, lil aaron, umru",Track
72143,DAMN,"Y2K, lil aaron",Track
72148,Watt,Notrust,Track
72149,L'arte di,Notrust,Track
72150,touch grass (feat. Yung Gravy),"Yung Gravy, bbno$",Track
72151,i see london i see france,bbno$,Track
72152,top gun,bbno$,Track
72153,C'est La Vie (with bbno$ & Rich Brian),"Rich Brian, Yung Gravy, bbno$",Track
72154,CHE UOMO (feat. bbno$ & Nello Taver),"Nello Taver, Tuzzo, bbno$",Track
72155,sophisticated,bbno$,Track
72156,piccolo,bbno$,Track
72158,mathematics,bbno$,Track
72159,edamame (feat. Rich Brian) - JVG x NCO Remix,"JVG, NCO, Rich Brian, bbno$",Track
72160,edamame (feat. Rich Brian) - Miky Woodz Remix,"Miky Woodz, Rich Brian, bbno$",Track
72161,2 time zones (feat. Night Lovell),"Night Lovell, bbno$",Track
72162,tonight we fuckin' party,"ANH, bbno$",Track
72163,yoga (feat. Rebecca Black),"Rebecca Black, bbno$",Track
72164,i remember,bbno$,Track
72165,take a trip,"Jungle Bobby, bbno$, ceo@business.net, lentra",Track
72166,wussup,"Yung Gravy, bbno$",Track
72167,my oh my,bbno$,Track
72168,sorry,bbno$,Track
72169,bad to the bone,"bbno$, lentra",Track
72170,help herself,"Diamond Pistols, bbno$",Track
72171,Ngomso - DJ Lag Remix,"DJ Lag, Moonchild Sanelly, Stiff Pap, bbno$, lentra",Track
72172,Special Price,"Donnie, bbno$",Track
72173,admit it,"TrippyThaKid, bbno$, lentra",Track
72174,keep up,"TrippyThaKid, bbno$, lentra",Track
72312,Whole Foods (with bbno$),"Yung Gravy, bbno$",Track
72313,imma,"bbno$, lentra",Track
72314,jack money bean,"Yung Gravy, bbno$, lentra",Track
72315,backwards,"bbno$, lentra",Track
72316,0ffline (feat. bbno$),"bbno$, tha Supreme",Track
72317,astrology,"bbno$, lentra",Track
72318,what would baby do?,"bbno$, lentra",Track
72319,quarantine freestyle,"bbno$, lentra",Track
72320,"Mayo, No Fries!","Joost, bbno$",Track
72321,Off The Goop,"Cuco, Yung Gravy, bbno$",Track
72322,Welcome to Chilis,"Yung Gravy, bbno$",Track
72323,bad thoughts,bbno$,Track
72324,on god,"Lewis Grant, bbno$",Track
72325,slop,bbno$,Track
72326,fabled,"bbno$, lentra",Track
72327,Whip A Tesla,"Yung Gravy, bbno$",Track
72328,sriracha,"bbno$, lentra",Track
72329,hyrule temple,bbno$,Track
72330,With Ease,"ANH, Billy Marchiafava, bbno$",Track
72331,nursery,"bbno$, lentra",Track
72332,bunk,"Swerzie, bbno$, lentra",Track
72333,roo doo,"bbno$, lentra",Track
72334,chess,bbno$,Track
72335,doubles,"Downtime, Swerzie, bbno$",Track
72336,jurassic,"TrippyThaKid, bbno$, lentra",Track
72337,dont tell me shit,"Dbangz, Sonn, bbno$",Track
72338,pennies up,"MIA GLADSTONE, Mr. Carmack, Promnite, bbno$",Track
72339,flex,"Sonn, bbno$",Track
72340,Viscasity,"SwuM, bbno$",Track
72341,Holetime,"BosRico, DOGDEER, Hounds, Yung Bambi, bbno$",Track
72342,tony thot,"bbno$, lentra",Track
72343,Early Afternoon Stroll,"Yung Gravy, bbno$",Track
72345,golden rule,"Downtime, bbno$, downtime",Track
72346,super saiyan flex,"8mc, Al Rocco, bbno$, yung castor",Track
72347,who dat boi,"So Loki, bbno$, lentra",Track
72348,what i do,"Yung Bambi, bbno$, lentra",Track
72349,Rotisserie,"Yung Gravy, bbno$",Track
72350,drowning w/bbno$,"Downtime, bbno$",Track
72351,coasting,"Futon, bbno$, hollow",Track
72352,what hook?,"Trippy tha Kid, bbno$",Track
72353,wonkybish,"Senojnayr, Trippy tha Kid, bbno$",Track
72354,benihana ft. yung gravy prod. sonn,"Akay, Sonn, Yung Gravy, bbno$",Track
72355,White Eyes,"Arthrn, Yung Bambi, bbno$",Track
72356,Spot a Thot,"TrippyThaKid, Yung Bambi, bbno$, korosu",Track
72357,Pay Attention,bbno$,Track
72359,Don’t Stop It (feat. Nito-Onna),"Jaydan Wolf, Nicola Fasano, Nito-Onna",Track
72361,I Just Know,"Arm & Gas, Nicola Fasano",Track
72362,Universe - Raffaella Papa Orchestral Version,"Arm & Gas, Nicola Fasano, Raffaella Papa",Track
72366,Dumb - Remix,"Nicola Fasano, Olivia Addams",Track
72367,Latitude 436 (Guataqui),"Dual Beat, Nicola Fasano",Track
72373,Own the Night - Pedro Carrilho Radio Mix,"GrooveGalore Muzik, Honorebel, Nicola Fasano, Pedro Carrilho, Shaggy",Track
72376,El Ritmo De Verdad - Nicola Fasano Edit Mix,"Dual Beat, Nicola Fasano, South Rocketz",Track
72377,Push The Feeling,"Alex Guesta, Fatman Scoop, Nicola Fasano",Track
72383,Push The Feeling On - Alex Guesta & Nicola Fasano Tribal Mix,"Alex Guesta, Fatman Scoop, Nicola Fasano",Track
72387,Lick It - Nicola Fasano & Dual Beat Remix,"Dual Beat, Miss Nipple, Nicola Fasano",Track
72402,Miami,"Miami Rockets, Nicola Fasano",Track
72405,No Way - Alex Guesta Mix,"Alex Guesta, Miami Rockets, Nicola Fasano",Track
72417,Big & Fat,"Miami Rockets, Nicola Fasano",Track
72420,Wine Up (Sexy Banana) - Miami Rockets Video,"Miami Rockets, Nicola Fasano, Victor Magan, Wiseman",Track
72424,Ultimo Imperio - Steve Forest Reboot,"Atahualpa, Nicola Fasano, Steve Forest",Track
72471,Tell Me,"Luca Guerrieri, Mat Twice, Nicola Fasano, Steve Forest, Tommy Vee",Track
72479,Tell Me - M.E.G. & N.E.R.A.K. Instrumental Mix,"Luca Guerrieri, MEG \ NERAK, Mat Twice, N.E.R.A.K, Nicola Fasano, Steve Forest, Tommy Vee",Track
72485,O Canto da Cidade,"Energy System, Lu Menezes, Nicola Fasano",Track
72497,Tonite - The Perez Brothers Mix,"Kat Deluna, Nicola Fasano",Track
72507,Twilight - Nicola Fasano & Steve Forest Dirty Shade Remix,"Cover Drive, Nicola Fasano, Steve Forest",Track
72508,Twilight,"Cover Drive, Nicola Fasano, Steve Forest",Track
72512,Jolly Roger Symphony - Nicola Fasano & Steve Forest Vocal Radio Edit,"Chandler Pereira, Laera, Nicola Fasano, Steve Forest",Track
72535,Ándale - Nicola Fasano & Steve Forest Mix,"Nicola Fasano, Stereo Palma, Steve Forest",Track
72536,Stay - Nicola Fasano South Beach Mix,"Ce Ce Rogers, CeCe Rogers, Mauro Ferrucci, Nicola Fasano, Tommy Vee",Track
72537,No Wasted Hearts  - Nicola Fasano Vs Ultra Naté,"Nicola Fasano, Ultra Naté",Track
72554,Stand Up,"Nicola Fasano, Terri B!",Track
72559,"76, Ocean Drive - Apache Vocal Mix","Apache, Nicola Fasano, Pat-Rich",Track
72560,"76, Ocean Drive","Nicola Fasano, Pat-Rich",Track
72575,Been a Long Time (Nicola Fasano Radio Edit) - Nicola Fasano Vs Yoshimoto,"Nicola Fasano, Yoshimoto",Track
72585,"75, Brazil Street (Vocal Radio Mix) - Nicola Fasano Vs Pat-Rich","Nicola Fasano, Pat-Rich",Track
72586,"75, Brazil Street (Steve Forest & Paul Sim0n Mix) - Nicola Fasano Vs Pat-Rich","Nicola Fasano, Pat-Rich, Paul Simon, Steve Forest",Track
72592,Elektro (Nicola Fasano South Beach Radio Mix) - Nicola Fasano Vs Outwork,"Mister Gee, Mr. Gee, Nicola Fasano, Outwork",Track
72598,Missing - Video Version,"Nicola Fasano, Paula B.",Track
72606,King of My Castle - Nicola Fasano & Steve Forest Mix,"Nicola Fasano, Nicola Fasano & Steve Forest, Steve Forest, Wamdue Project",Track
72609,Feel My Body (Simon De Jano Mix) - Nicola Fasano Vs Frank O' Moiraghi,"Frank'O Moiraghi, Nicola Fasano, Simon De Jano",Track
72621,Levitating,"Amanda Yang, Kløn, Renzyx",Track
72626,Prey,Renzyx,Track
72627,Baile de Favela,"MC Beibes, Mastiksoul, Mc Vini",Track
72628,Debandada,"Mastiksoul, pety",Track
72629,Mala Mala,"DYSTINCT, Mastiksoul",Track
72630,Baixou,"Eros & Wezsdy, Mary J, Mastiksoul",Track
72632,Pancada,"Eros, Eros & Wezsdy, Mastiksoul",Track
72635,Nobody Else but You - Mastiksoul Dirty Mix,"Mastiksoul, Trey Songz",Track
72637,Livre,"Mariza, Mastiksoul",Track
72643,Jungle Terror,Mastiksoul,Track
72649,Naked in The Streets - Renato S Remix,"Francci, Mastiksoul, Renato S",Track
72658,Groove,"Mastiksoul, The Groove",Track
72659,Good For You - Tropical Mix Vibe Radio Edit,"Danny Shah, Mastiksoul, Shaggy",Track
72662,Good for You,"Danny Shah, Mastiksoul, Shaggy",Track
72667,Dança do Campeão (feat. Rui Unas & Luciana Abreu),Mastiksoul,Track
72668,Hands Up,"D-Mol, D-mol, Dmol, Mastiksoul",Track
72677,Dança do Bumbum,"Afro Bros, Mastiksoul",Track
72681,Forever,"Mastiksoul, Silyvi",Track
72687,Bang It All - Stefano Noferini Remix,"Akon, Dada, Mastiksoul, Paul G",Track
72689,Bang It All - David Jones Remix,"Akon, Dada, Mastiksoul, Paul G",Track
72692,King Of Drums,"David Anthony, Genairo Nvilla, Mastiksoul",Track
72697,Mama Coça,Mastiksoul,Track
72698,Jump Around,Mastiksoul,Track
72709,Capotagem,Mastiksoul,Track
72724,Gasosa - French Mix,"Jahriki, Laton Cordeiro, Mastiksoul, The Shynerz",Track
72726,Jacobino,Mastiksoul,Track
72727,Tudo Bem,"Laton, Mastiksoul",Track
72728,Não Volto Mais,"Anselmo Ralph, Los Manitos, Mastiksoul",Track
72729,Tudo Nosso - Nada Deles,"Los Manitos, Mastiksoul",Track
72730,Estraga,"D8, Los Manitos, Mastiksoul",Track
72731,Tou na Moda,"Los Manitos, Mastiksoul",Track
72732,Maravilhosa,"MC Lipi, Mastiksoul, Mc Lipi",Track
72733,Gasosa,"Laton Cordeiro, Mastiksoul",Track
72799,Work,Dante,Track
72800,Eyes on Fire,Dante,Track
72801,Your Soul,"Dante, Nick Havsen",Track
72806,VIP,"Dante, Nick Havsen",Track
72807,My Body,Dante,Track
72808,Lust,Dante,Track
72811,You Love Me,Dante,Track
72879,Follow U,"Fraxy, Future Class",Track
72880,Midnight,"Future Class, JustLuke, NOËP",Track
72881,What A Girl (feat. Belico),"Belico, Fafaq, Future Class",Track
72884,Chemical Emotion - Future Class Remix,"Future Class, Principe",Track
72885,Good Dope - Gorillowz Remix,"Future Class, Gorillowz, Makloud",Track
72886,Good Dope - Douth! Remix,"Douth!, Future Class, Makloud",Track
72887,Good Dope - Vicentini Remix,"Future Class, Makloud, Vicentini",Track
72888,Return To Forever,"Future Class, Sielo, jeonghyeon",Track
72891,Drive Me Loco,"Future Class, Pump Gorilla",Track
72892,Mario High,"Future Class, RIVAS, Rivas (BR)",Track
72900,Every Second,Future Class,Track
72902,Out There (feat. Gustavo Bertoni) - Future Class Remix,"Future Class, Gustavo Bertoni, Pontifexx",Track
72903,Revenge - Future Class Remix,"Future Class, Manimal",Track
72904,Do You Like,"Future Class, Lazy Bear",Track
72905,Dirty,Future Class,Track
72911,Back Against The Wall (feat. Kvsh),"KVSH, aiai",Track
72913,"Pandora - KVSH, Malifoo Remix","DJ Matt D, DJ Matt D & Menor Mc & Mc Gp & Vulgo Fk, KVSH, MC GP, Malifoo, Menor MC, Vulgo FK",Track
72914,Promise of the West - KVSH Remix,"Joris de Man, KVSH",Track
72916,Colirio,"Fábio Della, KVSH, The Fish House",Track
72917,"Way (Feat. CHOILB, GIRIBOY, BIG Naughty, Kvsh, Kim Seungmin, OLNL, Kid Milli, THAMA)","BIG Naughty, CHOILB, GIRIBOY, KVSH, Kid Milli, Kim Seungmin, OLNL, THAMA",Track
72919,SURREAL,"K.vsh, KVSH, PEDRO SAMPAIO",Track
72920,Descobridor dos Sete Mares: Remix,"JØRD, KVSH",Track
72922,NINGUÉM ME ENSINOU (feat. Lagum) - KVSH REMIX,"KVSH, Lagum",Track
72924,Amor de Fim de Noite - KVSH Remix,"K.vsh, KVSH, Orochi",Track
72925,Um Lugar (feat. KVSH),"KVSH, Sest",Track
72926,Smoke Me,"CRÜPO, Conan Mac, K.vsh, KVSH",Track
72928,Gimme Gimme - Remix,"KVSH, Lucas Borchardt, Samhara",Track
72929,Guerra e Paz - Remix,"Jota Quest, KVSH",Track
72934,I Don't Know Why,"KVSH, Mojjo",Track
72936,Bola De Good,"KVSH, Mandragora, Samantha Machado",Track
72937,Jogo do Amor,"Calé, KVSH",Track
72938,Puro Êxtase (feat. Kvsh & Breno Miranda),"Breno Miranda, Groundbass, KVSH, Zanon",Track
72942,Pieces,KVSH,Track
72943,Tokyo Drift,KVSH,Track
72944,"About you (Feat. K.vsh, OLNL)","KVSH, OLNL, jeebanoff",Track
72945,Puro Êxtase,"Breno Miranda, KVSH",Track
72946,Pop Dat Hood - KVSH Remix,"Earstrip, Hydro, KVSH",Track
72947,Potter,KVSH,Track
72948,Poeta Vilão,"Alex Romariz, Fabricio, KVSH, Zaca de Chagas",Track
72949,Love Is The Highest Power - KVSH Remix,"Clubbers, Joy Corporation, KVSH",Track
72951,Clever Words - KVSH Remix,"Earstrip, KVSH",Track
72952,Feel It,KVSH,Track
72953,Clash,"Flame City, KVSH",Track
72954,IDFWY,KVSH,Track
72956,Low Nigga,KVSH,Track
72958,Sister,Kubi,Track
72959,Dream,Kubi,Track
72960,In My Back,Kubi,Track
72961,Voices,"Kubi, WOAK",Track
72962,Camisa,"Kubi, Sam Shelby",Track
72963,Id Sax,Kubi,Track
72964,I House You,"Kubi, Murotani",Track
72965,Move,"Kubi, Murotani",Track
72966,Work,Kubi,Track
72967,Damage,"Kubi, Wina",Track
72968,Get Down,"Kubi, Victor Lou",Track
72969,Boy,"Kubi, Nēw Dance",Track
72970,Pa Pa Pa,"Kubi, Yamamoto",Track
72971,Brighter Days (Uh Oh Ah Ih),Kubi,Track
72972,Hash,Kubi,Track
72973,Over Bitch,"Dash Groove, Kubi, Maaker",Track
72974,Better Dirty,"Kubi, Kuller",Track
72975,Trombone,"Kubi, RENNAN",Track
72976,Sexytrack,"Douth!, Kubi",Track
72978,Mamita,"Kubi, Vylow",Track
72979,Girls Bounce,Kubi,Track
72980,Turn Around,"Dash Groove, Kubi",Track
72983,India,"Kubi, LÖST, RENNAN",Track
72984,Tension,"Kubi, Vokker",Track
72985,Qr Code,"Kubi, VINNE",Track
72987,Trumpet,Kubi,Track
72988,Motherfucker,Kubi,Track
72990,Boom,"HUBBA, Kubi",Track
72991,Stranger Things (Remix),"Captain Jack BR, Kubi",Track
72996,Awakenings,"Krash, Krash!, Kubi",Track
72997,Famous Girl,Kubi,Track
73003,Give You Up - Rivaz & Botteghi Remix,"Botteghi, Rivaz, Tommy Vee",Track
73004,Love Love Love - Rivaz & Botteghi Remix,"Botteghi, Gary Caos, Gary Pine, Lopez, Rivaz",Track
73015,Qué Chimba - Rivaz & Botteghi Remix,"Botteghi, Maluma, Rivaz",Track
73028,All I Need,"Botteghi, Michael Schulte, Rivaz",Track
73046,Call Me,Luke DB,Track
73048,Taja,"Luke DB, South Rocketz",Track
73049,Saturday,Luke DB,Track
73052,Strings Of Life,"DJ TORA, Daishi Dance, Luke DB",Track
73053,Get Busy,Luke DB,Track
73061,King of the Jungle - Luke Db & Attilson Remix,"Attilson, Luke DB, SHANGUY",Track
73071,Ponteme - Luke DB & Attilson Remix,"Attilson, Jenn Morel, Luke DB",Track
73086,My Desire,"Eddy J, Luke DB",Track
73114,Listen To Me,Chris River,Track
411427,Knowing we'll be Here - KiNK Remix,Daniel Avery,SpotifyTrack
419471,Pop Dat Hood - KVSH Remix,"Earstrip, Hydro, KVSH",SpotifyTrack
433497,Off The Goop,"Cuco, Yung Gravy, bbno$",SpotifyTrack
435881,Boom,"HUBBA, Kubi",SpotifyTrack
443312,wussup,"Yung Gravy, bbno$",SpotifyTrack
456783,Hit Girl,Sébastien Léger,SpotifyTrack
471974,Clouds,Sébastien Léger,SpotifyTrack
485014,C'est La Vie (with bbno$ & Rich Brian),"Rich Brian, Yung Gravy, bbno$",SpotifyTrack
490989,Whip A Tesla,"Yung Gravy, bbno$",SpotifyTrack
496694,The Bump - Tonite Only Mix,"Hook N Sling, Kid Kenobi",SpotifyTrack
506377,edamame (feat. Rich Brian) - JVG x NCO Remix,"JVG, NCO, Rich Brian, bbno$",SpotifyTrack
525503,benihana ft. yung gravy prod. sonn,"Sonn, Yung Gravy, bbno$",SpotifyTrack
536169,Brighter Days (Uh Oh Ah Ih),Kubi,SpotifyTrack
539645,Knowing We'll Be Here (KiNK Remix),"Daniel Avery, Kink",SpotifyTrack
551848,Anima - Solid Stone's On The Beach Remix,"Pavel Polyakov, Rinat Shabanov",SpotifyTrack
554658,Pacific,Freemasons,SpotifyTrack
556503,Acid,Moonwalk,SpotifyTrack
557168,Island,Soulja Boy,SpotifyTrack
560364,El Ritmo De Verdad - Nicola Fasano Edit Mix,"Dual Beat, Nicola Fasano, South Rocketz",SpotifyTrack
581607,Unspoiled Perfection,"Adrian Delgado, Deorro, Madeleine Jayne",SpotifyTrack
587996,She Make It Clap,Soulja Boy,SpotifyTrack
589191,Kiss Me Thru The Phone,"Sammie, Soulja Boy",SpotifyTrack
591396,Sweet Life,Rick Wade,SpotifyTrack
592057,My Body,Dante,SpotifyTrack
598047,Good Dope - Douth! Remix,"Douth!, Future Class, Makloud",SpotifyTrack
600751,Kiss Me Thru The Phone,"Sammie, Soulja Boy",SpotifyTrack
608905,I Got Me Some Bapes,Soulja Boy,SpotifyTrack
615929,Soulja Girl,"I-15, Soulja Boy",SpotifyTrack
617448,Kiss Me Thru The Phone,"Sammie, Soulja Boy",SpotifyTrack
618859,Delirious,"Soulja Boy, Vistoso Bosses",SpotifyTrack
629257,Dancing Like Diddy,Soulja Boy,SpotifyTrack
644001,Sister,Kubi,SpotifyTrack
695172,New Drip,Soulja Boy,SpotifyTrack
697547,Save That Shit,"Chief Keef, Soulja Boy",SpotifyTrack
701393,what would baby do?,"bbno$, lentra",SpotifyTrack
701615,I Wanna Be,"Kieran Andrews, Max Chapman",SpotifyTrack
717678,Lust,Dante,SpotifyTrack
732480,Stop,Patrick Topping,SpotifyTrack
737288,Timeless Altitude - Secret Cinema's 2011 Mix,Secret Cinema,SpotifyTrack
743694,"Hold Back, Turn Back - Norman Doray Remix","Lee Cabrera, Norman Doray, Richard F.",SpotifyTrack
763579,Soulja Boy Tellem,Soulja Boy,SpotifyTrack
767654,Mona Lisa,"Lil Pump, Soulja Boy",SpotifyTrack
773918,Last Forever - Vocal Radio Edit,"Norman Doray, Tristan Garner",SpotifyTrack
775638,Voices,"Kubi, WOAK",SpotifyTrack
776263,She Make It Clap,Soulja Boy,SpotifyTrack
781921,my oh my,bbno$,SpotifyTrack
782276,Giza,Sébastien Léger,SpotifyTrack
786447,You Love Me,Dante,SpotifyTrack
791187,mathematics,bbno$,SpotifyTrack
805367,Sunrise - Lence & Pluton Remix,Denis Kenzo,SpotifyTrack
812745,Hml,Soulja Boy,SpotifyTrack
818158,Lick It - Nicola Fasano & Dual Beat Remix,"Dual Beat, Miss Nipple, Nicola Fasano",SpotifyTrack
818613,hyrule temple,"DJ Yung Vamp, bbno$",SpotifyTrack
820941,Wawawa,"Y2K, bbno$",SpotifyTrack
825066,I Don't Know Why,"KVSH, Mojjo",SpotifyTrack
840952,Midnight,"Future Class, JustLuke, NOËP",SpotifyTrack
857682,Flash - Danny Tenaglia’s Nitrous Oxide Mix,"Danny Tenaglia, Green Velvet",SpotifyTrack
861564,Smoke Me,"CRÜPO, Conan Mac, KVSH",SpotifyTrack
863724,Drive On - Extended Mix,Soldiers of Twilight,SpotifyTrack
888073,thankful,"Lewis Grant, Y2K, bbno$",SpotifyTrack
889518,Hit It,"DJ Ryan Wolf, IDD ACKK, Soulja Boy, Ty Bri",SpotifyTrack
895856,Rick & Morty,Soulja Boy,SpotifyTrack
895898,I House You,"Kubi, Murotani",SpotifyTrack
899688,jack money bean (feat. Yung Gravy),"Yung Gravy, bbno$",SpotifyTrack
908358,Squid Game,Soulja Boy,SpotifyTrack
931938,jack money bean,"Yung Gravy, bbno$, lentra",SpotifyTrack
961835,Stephen Curry,Soulja Boy,SpotifyTrack
970280,Shit Talker,Soulja Boy,SpotifyTrack
976818,Own the Night - Pedro Carrilho Radio Mix,"GrooveGalore Musik, Honorebel, Nicola Fasano, Pedro Carrilho, Shaggy",SpotifyTrack
988119,Potter,KVSH,SpotifyTrack
1007408,Report Card,Soulja Boy,SpotifyTrack
1015119,Sweet Freedom - Extended Club Mix,"Darren Crook, Norman Doray",SpotifyTrack
1016234,Takin Over,Agrume,SpotifyTrack
1020293,Pay Attention,bbno$,SpotifyTrack
1024901,Chemical Emotion - Future Class Remix,"Future Class, Principe",SpotifyTrack
1035554,Forever,Soulja Boy,SpotifyTrack
1048241,Trumpet,Kubi,SpotifyTrack
1060025,Boy,"Kubi, Nēw Dance",SpotifyTrack
1076771,Promise of the West - KVSH Remix,"Joris de Man, KVSH",SpotifyTrack
1085445,NuReligion,Soulja Boy,SpotifyTrack
1088936,Tokyo Drift,KVSH,SpotifyTrack
1091861,"Mayo, No Fries!","Joost, bbno$",SpotifyTrack
1112980,I Wanna Be,"Kieran Andrews, Max Chapman",SpotifyTrack
1115083,Puro Êxtase,"Breno Miranda, KVSH",SpotifyTrack
1124939,sriracha,"bbno$, lentra",SpotifyTrack
1125182,Playing With Knives - Quadrant Remix,"Bizarre Inc, Quadrant",SpotifyTrack
1151329,She Make It Clap,Soulja Boy,SpotifyTrack
1161656,Sakura Blossom,Sébastien Léger,SpotifyTrack
1169222,Eyes on Fire,Dante,SpotifyTrack
1175443,Walking in the Night - Original Mix,"Hard Ton, Nina Kraviz",SpotifyTrack
1179573,Pieces,"Breno Miranda, KVSH",SpotifyTrack
1187716,Blue Cheese,Soulja Boy,SpotifyTrack
1227619,With You Not Around,B&S Concept,SpotifyTrack
1240206,Believe - Extended Mix,Soldiers of Twilight,SpotifyTrack
1250989,Last Forever - Original Vocal Mix,"Norman Doray, Tristan Garner",SpotifyTrack
1286921,nursery,"bbno$, lentra",SpotifyTrack
1287258,super saiyan flex,"8mc, Al Rocco, bbno$, yung castor",SpotifyTrack
1291079,Slime Em Down,Soulja Boy,SpotifyTrack
1309726,Beneath You - Original,Mark Mendes,SpotifyTrack
1315780,Kiss Me Thru The Phone,"Sammie, Soulja Boy",SpotifyTrack
1323922,Do You Like,"Future Class, Lazy Bear",SpotifyTrack
1330510,Better Dirty,"Kubi, Küller",SpotifyTrack
1334789,Shunyata (Original Mix),Reboot,SpotifyTrack
1337671,Love Is The Drug - Todd Terje Disco Dub,"Roxy Music, Terje Olsen",SpotifyTrack
1358579,touch grass (feat. Yung Gravy),"Yung Gravy, bbno$",SpotifyTrack
1364087,Lost In Your Eyes - Manuel Rocca Remix,Love N Frequency,SpotifyTrack
1381281,tony thot,"bbno$, lentra",SpotifyTrack
1417466,Fuck You Up,"Fredo Santana, Soulja Boy, Tadoe",SpotifyTrack
1422754,Trumpet,Kubi,SpotifyTrack
1432614,Acid - Max Chapman Remix,"Max Chapman, Moonwalk",SpotifyTrack
1438060,Love Is The Drug,Roxy Music,SpotifyTrack
1467920,Dança Do Bumbum,"Afro Bros, Mastiksoul",SpotifyTrack
1469122,Big W's,Soulja Boy,SpotifyTrack
1472709,Good Dope - Gorillowz Remix,"Future Class, Gorillowz, Makloud",SpotifyTrack
1482528,Elektro (Nicola Fasano South Beach Radio Mix) - Nicola Fasano Vs Outwork,"Mr. Gee, Nicola Fasano, Outwork",SpotifyTrack
1492010,thankful,"Lewis Grant, Y2K, bbno$",SpotifyTrack
1493701,Blowing Me Kisses,Soulja Boy,SpotifyTrack
1504138,Stranger Things (Remix),"Captain Jack BR, Kubi",SpotifyTrack
1507521,Stop - Original Mix,Patrick Topping,SpotifyTrack
1510528,Stranger (feat. Elliphant) - Y2K Remix,"Elliphant, Peking Duk, Y2K",SpotifyTrack
1512034,"Pandora - KVSH, Malifoo Remix","DJ Matt D, KVSH, MC GP, Malifoo, Menor MC, Vulgo FK",SpotifyTrack
1517978,Paloma - Mudds Slender Loris Mix,"Cantoma, Mudd",SpotifyTrack
1521852,Sacellum - Kungs Remix,Füchse,SpotifyTrack
1522598,imma,"bbno$, lentra",SpotifyTrack
1533354,Get Down,"Kubi, Victor Lou",SpotifyTrack
1534389,Black Eyes and Blue - Radio edit,CLMD,SpotifyTrack
1549375,Love Is The Highest Power - KVSH Remix,"Clubbers, Joy Corporation, KVSH",SpotifyTrack
1553562,money conversation,"Y2K, bbno$",SpotifyTrack
1593593,Trytosphere,Sébastien Léger,SpotifyTrack
1606917,India,"Kubi, LÖST, RENNAN",SpotifyTrack
1612432,Welcome to Chilis,"Yung Gravy, bbno$",SpotifyTrack
1616286,See Me Fall - Y2K Remix,Ro Ransom,SpotifyTrack
1617266,C'est La Vie (with bbno$ & Rich Brian),"Rich Brian, Yung Gravy, bbno$",SpotifyTrack
1625257,Jer,Sébastien Léger,SpotifyTrack
1639274,See Me Fall - Y2K Remix,"Ro Ransom, Y2K",SpotifyTrack
1650332,Every Second,Future Class,SpotifyTrack
1668861,bad thoughts,bbno$,SpotifyTrack
1673682,Spaguette - Original Mix,"Heartik, Sébastien Léger",SpotifyTrack
1676053,Brighter Days (Mark Broom Disco Mix),"Cajmere, Dajae",SpotifyTrack
1677041,Do What,Norman Doray,SpotifyTrack
1684323,bad to the bone,"bbno$, lentra",SpotifyTrack
1684327,Love Is The Drug,Roxy Music,SpotifyTrack
1684742,Girl For You - Original Mix,Moonwalk,SpotifyTrack
1686694,What A Girl (feat. Belico),"Belico, Fafaq, Future Class",SpotifyTrack
1701596,All I Need,Michael Schulte,SpotifyTrack
1704648,Tonight,Sébastien Léger,SpotifyTrack
1726654,Drake,"Lor Sosa, Soulja Boy",SpotifyTrack
1732671,Get Busy,Luke DB,SpotifyTrack
1741956,slop,bbno$,SpotifyTrack
1744623,Kiss Me Thru The Phone,"Sammie, Soulja Boy",SpotifyTrack
1755251,Hash,Kubi,SpotifyTrack
1760516,Tell The World - Mixed,"Norman Doray, Sneaky Sound System",SpotifyTrack
1763175,NINGUÉM ME ENSINOU (feat. Lagum) - KVSH REMIX,"KVSH, Lagum",SpotifyTrack
1764688,Smoke Me,"CRÜPO, Conan Mac, KVSH",SpotifyTrack
1772805,Trap Jumping Like A Trampoline,Soulja Boy,SpotifyTrack
1775899,Sir John,White Elephant,SpotifyTrack
1790061,OH NO,"KILLY, Y2K",SpotifyTrack
1796776,roo doo,"bbno$, lentra",SpotifyTrack
1812519,Reflection,Moonwalk,SpotifyTrack
1814080,Bapes,Soulja Boy,SpotifyTrack
1818170,Tonight,Deaf'n Dumb Crew,SpotifyTrack
1828630,Sweet Freedom - The Reflex Revision,"Darren Crook, Norman Doray, The Reflex",SpotifyTrack
1833642,Amor de Fim de Noite - KVSH Remix,"KVSH, Orochi",SpotifyTrack
1838165,CHE UOMO (feat. bbno$ & Nello Taver),"Nello Taver, Tuzzo, bbno$",SpotifyTrack
1843466,Watt,Notrust,SpotifyTrack
1844649,Move,"Kubi, Murotani",SpotifyTrack
1854197,See Me Fall Ft. Kensei Abbot (Y2K Remix),"Kensei Abbot, Ro Ransom, Y2K",SpotifyTrack
1868520,Sweet Freedom - The Reflex Revision,"Darren Crook, Norman Doray, The Reflex",SpotifyTrack
1882327,Vision feat. Thomas Gandey,"Definition, Thomas Gandey",SpotifyTrack
1888484,i remember,bbno$,SpotifyTrack
1895911,touch grass (feat. Yung Gravy),"Yung Gravy, bbno$",SpotifyTrack
1900092,Brainwasher,Sébastien Léger,SpotifyTrack
1900561,Girls Bounce,Kubi,SpotifyTrack
1900782,Stevie,Sébastien Léger,SpotifyTrack
1900848,Out There (feat. Gustavo Bertoni) - Future Class Remix,"Future Class, Gustavo Bertoni, Pontifexx",SpotifyTrack
1902205,Clever Words - KVSH Remix,"Earstrip, KVSH",SpotifyTrack
1912193,Balenciaga Baby,Soulja Boy,SpotifyTrack
1943531,Clumsy - Collipark Remix,"Fergie, Soulja Boy",SpotifyTrack
1948384,Model D,Sébastien Léger,SpotifyTrack
1954939,Push The Feeling On - Alex Guesta & Nicola Fasano Tribal Mix,"Alex Guesta, Fatman Scoop, Nicola Fasano",SpotifyTrack
1964735,Call Me,Luke DB,SpotifyTrack
1972409,Forbidden Garden,Sébastien Léger,SpotifyTrack
1981612,i see london i see france,bbno$,SpotifyTrack
1982018,Lost In Your Eyes - Original Mix,Love N Frequency,SpotifyTrack
1990658,Oracle - Arjuna Schiks remix,Sébastien Léger,SpotifyTrack
1996991,help herself,"Diamond Pistols, bbno$",SpotifyTrack
2003865,Rotisserie,"Yung Gravy, bbno$",SpotifyTrack
2010920,Pacific,Freemasons,SpotifyTrack
2013315,Paloma - Mudd’s Slender Loris Mix,"Cantoma, Mudd",SpotifyTrack
2020394,Dream,Kubi,SpotifyTrack
2026764,I Got the Recipe,Soulja Boy,SpotifyTrack
2031695,Qr Code,"Kubi, VINNE",SpotifyTrack
2035417,Aqualight,"Chris Lake, Sébastien Léger",SpotifyTrack
2047762,yoga (feat. Rebecca Black),"Rebecca Black, bbno$",SpotifyTrack
2062394,Envidioso,"Junior Caldera, Trainer",SpotifyTrack
2067926,Ballade,B&S Concept,SpotifyTrack
2069783,sorry,bbno$,SpotifyTrack
2081911,Los Brujos (Loko Remix),"Berto Mene, Loko",SpotifyTrack
2084011,2 time zones (feat. Night Lovell),"Night Lovell, bbno$",SpotifyTrack
2092649,top gun,bbno$,SpotifyTrack
2096516,Reflection,Moonwalk,SpotifyTrack
2099223,Booty Got Swag,Soulja Boy,SpotifyTrack
2114830,Soldier Boy,Soulja Boy,SpotifyTrack
2117245,Tell The World,"Norman Doray, Sneaky Sound System",SpotifyTrack
2122813,Drive Me Loco,"Future Class, Pump Gorilla",SpotifyTrack
2123323,DIRT (feat. JPEGMAFIA),"JPEGMAFIA, Y2K",SpotifyTrack
2140119,Crank That (Soulja Boy) - Crank That (William Geslin Remix),Soulja Boy,SpotifyTrack
2155084,All I Know,"Lil B, Soulja Boy, Waka Flocka Flame",SpotifyTrack
2169568,Grab My Hips,Sébastien Léger,SpotifyTrack
2169612,Last Sun - Beat Service Remix,Bushi,SpotifyTrack
2170039,See Me Fall - Y2K Remix,"Ro Ransom, Y2K",SpotifyTrack
2180829,I Just Know,"Arm & Gas, Nicola Fasano",SpotifyTrack
2185229,Mamita,"Kubi, Vylow",SpotifyTrack
2188216,Puro Êxtase (feat. Kvsh & Breno Miranda),"Breno Miranda, Groundbass, KVSH, Zanon",SpotifyTrack
2196356,Believe,Soldiers of Twilight,SpotifyTrack
2197166,Slippery Beast - Moonwalk Remix,"Dave Seaman, Moonwalk",SpotifyTrack
2197946,What A Girl (feat. Belico),"Belico, Fafaq, Future Class",SpotifyTrack
2198561,Tou na Moda,"Los Manitos, Mastiksoul",SpotifyTrack
2198842,Last Forever - Vocal Radio Edit,"Norman Doray, Tristan Garner",SpotifyTrack
2212278,Gimme Gimme - Remix,"KVSH, Lucas Borchardt, Samhara",SpotifyTrack
2214983,All I Need,Michael Schulte,SpotifyTrack
2219322,Flash - Danny Tenaglia's Nitrous Oxide Mix,Green Velvet,SpotifyTrack
2220754,Pricey,"Barlito, DJ Diddy, Soulja Boy",SpotifyTrack
2222618,piccolo,bbno$,SpotifyTrack
2229019,Forbidden Garden - Tim Green Remix,"Sébastien Léger, Tim Green",SpotifyTrack
2229666,On My Way,"Ray J, Soulja Boy",SpotifyTrack
2242871,Turn Around,"Dash Groove, Kubi",SpotifyTrack
2248560,Flexin,"Feby, Soulja Boy",SpotifyTrack
2256385,Return To Forever,"Future Class, Sielo, jeonghyeon",SpotifyTrack
2257749,Crank That (Soulja Boy) [Travis Barker Remix],"Soulja Boy, Travis Barker",SpotifyTrack
2264862,slop,bbno$,SpotifyTrack
2273686,In My Back,Kubi,SpotifyTrack
2273875,Pressure Breaks Pipes,Soulja Boy,SpotifyTrack
2276346,Tension,"Kubi, Vokker",SpotifyTrack
2277958,Descobridor dos Sete Mares: Remix,"JØRD, KVSH",SpotifyTrack
2283379,Liberal Zee - Session Victim Remix,"Jay Shepheard, Matthew Burton",SpotifyTrack
2303790,Speakers Going Hammer,Soulja Boy,SpotifyTrack
2314270,Rising Love - Louders Remix,"Andrea Alessi, Arno Cost & Norman Doray, Mike Taylor",SpotifyTrack
2314469,Firefly,Sébastien Léger,SpotifyTrack
2317205,SURREAL,"KVSH, PEDRO SAMPAIO",SpotifyTrack
2317935,Glasgow's Jazz - Derrick Carter Remix,"DJ Q, Derrick Carter",SpotifyTrack
2319786,Leviathan - Freeform Reform,"Freeform Five, Róisín Murphy",SpotifyTrack
2343392,Whole Foods (with bbno$),"Yung Gravy, bbno$",SpotifyTrack
2352504,Timeless Altitude - Secret Cinema's 2011 Mix,Secret Cinema,SpotifyTrack
2352863,Sweet Freedom - The Reflex Revision - Extended,"Darren Crook, Norman Doray, The Reflex",SpotifyTrack
2360345,Tell The World - Extended Vocal Mix,"Norman Doray, Sneaky Sound System",SpotifyTrack
2360562,Hamac,Sébastien Léger,SpotifyTrack
2364204,yoga (feat. Rebecca Black),"Rebecca Black, bbno$",SpotifyTrack
2369448,Fibulae,Sébastien Léger,SpotifyTrack
2376445,Tell The World - Extended Mix,"Norman Doray, Sneaky Sound System",SpotifyTrack
2388789,Grammy,"Ester Dean, Soulja Boy",SpotifyTrack
2394471,Sirene,Sébastien Léger,SpotifyTrack
2404759,New Me (feat. Soulja Boy & Luh Kel),"Luh Kel, Soulja Boy, Star 2",SpotifyTrack
2431546,Smoke Me,"CRÜPO, Conan Mac, KVSH",SpotifyTrack
2443112,Twilight,Cover Drive,SpotifyTrack
2457740,Whip A Tesla,"Yung Gravy, bbno$",SpotifyTrack
2469855,sophisticated,bbno$,SpotifyTrack
2484081,Whowillluvu - Vidis Remix,FREnchfire,SpotifyTrack
2492207,Broke,Soulja Boy,SpotifyTrack
2495465,Heavenly - Radio Edit,"DJ Chris Pi, Didier Sinclair",SpotifyTrack
2519133,Orbital,Moonwalk,SpotifyTrack
2521538,who dat boi,"So Loki, bbno$, lentra",SpotifyTrack
2535415,Yahhh!,Soulja Boy,SpotifyTrack
2545948,King Of Drums - Original Mix,Genairo Nvilla,SpotifyTrack
2553631,Touch Your Mind (feat. Karine Lima) - Arias Remix,Di Feno & Alls,SpotifyTrack
2565265,54B,Mudd,SpotifyTrack
2565356,0ffline (feat. bbno$),"bbno$, thasup",SpotifyTrack
2570660,Timeless Altitude (Secret Cinema's 2011 Mix),Secret Cinema,SpotifyTrack
2582529,Buhstyle,Stefano Noferini,SpotifyTrack
2590340,Walk Em Down,Soulja Boy,SpotifyTrack
2596596,Tristesse,Sébastien Léger,SpotifyTrack
2603984,Imaginary Paradise,Sébastien Léger,SpotifyTrack
2607584,Sneaky Link 2.0,"HXLLYWOOD, Kayla Nicole, Soulja Boy",SpotifyTrack
2611536,on god,"Lewis Grant, bbno$",SpotifyTrack
2613688,jurassic,"TrippyThaKid, bbno$, lentra",SpotifyTrack
2617338,Sweet Life,Rick Wade,SpotifyTrack
2627481,Welcome to Chilis,"Yung Gravy, bbno$",SpotifyTrack
2628182,Skadi,Sébastien Léger,SpotifyTrack
2636830,backwards,"bbno$, lentra",SpotifyTrack
2639553,Follow U,"Fraxy, Future Class",SpotifyTrack
2641611,EX,"Bow Wow, Omarion, Soulja Boy",SpotifyTrack
2648147,Los Brujos - Loko Remix,"Berto Mene, LOKO",SpotifyTrack
2651465,Damage is Done,"JoJo, Y2K",SpotifyTrack
2654137,astrology,"bbno$, lentra",SpotifyTrack
2656308,Um Lugar (feat. KVSH),"KVSH, SEST",SpotifyTrack
2659761,23 Kisses - Trance Arts Remix,Bushi,SpotifyTrack
2662386,bunk,"Swerzie, bbno$, lentra",SpotifyTrack
2678384,Ballade - Radio Edit,B&S Concept,SpotifyTrack
2678590,Guerra e Paz - Remix,"Jota Quest, KVSH",SpotifyTrack
2685392,Taja - Radio Edit,"Luke DB, South Rocketz",SpotifyTrack
2685890,Pamparis,Sébastien Léger,SpotifyTrack
2687892,Jogo do Amor,"Calé, KVSH",SpotifyTrack
2694557,Black Eyes and Blue,CLMD,SpotifyTrack
2709372,Punto Com (Original Mix),"DJ PP, Festa Bros",SpotifyTrack
2710906,Leviathan,"Freeform Five, Róisín Murphy",SpotifyTrack
2715316,Early Afternoon Stroll,"Yung Gravy, bbno$",SpotifyTrack
2723595,Donk,Soulja Boy,SpotifyTrack
2725290,Peace (Extended Original Mix),Michael Feiner,SpotifyTrack
2727012,BTBT,"B.I, DeVita, Soulja Boy",SpotifyTrack
2735423,Levitating,"Amanda Yang, Kløn, Renzyx",SpotifyTrack
2743659,Pluie Rouge - Sebastien Leger Remix,"Marst, Sébastien Léger",SpotifyTrack
2748989,Damage,"Kubi, Wina",SpotifyTrack
2752823,Mario High,"Future Class, Rivas (BR)",SpotifyTrack
2756342,Lovely Flight - Phil Weeks Remix,"Didier Sinclair, Phil Weeks",SpotifyTrack
2756496,Madiba,Steve Mulder,SpotifyTrack
2760091,imma,"bbno$, lentra",SpotifyTrack
2776582,Los Brujos - Loko Remix,Berto Mene,SpotifyTrack
2791299,Prey (Original Mix ),Renzyx,BeatportTrack
2810496,Gimme Gimme (Original Mix ),"KVSH, Lucas Borchardt, Samhara",BeatportTrack
2848350,Need This (Original Mix ),Sante,BeatportTrack
2856936,Reflection (Original Mix ),Moonwalk,BeatportTrack
3093791,Bodybang,Kill FM,SpotifyTrack
3094087,Far East - Blasterjaxx Remix,Jack Eye Jones,SpotifyTrack
3109988,Whole Foods (with bbno$),"Yung Gravy, bbno$",SpotifyTrack
3146857,Kill For Love,"Cleov, Marlon Hoffstadt",SpotifyTrack
3192534,take a trip,"bbno$, ceo@business.net, jungle bobby, lentra",SpotifyTrack
3304255,Shunyata,Reboot,SpotifyTrack
3305388,Debandada,"Mastiksoul, pety",SpotifyTrack
3305489,Tell The World - Vocal Mix,"Norman Doray, Sneaky Sound System",SpotifyTrack
3356610,L'arte di,Notrust,SpotifyTrack
3362235,Let Me Take You (On a Journey) - Sebastien Leger Remix,Van Bellen,SpotifyTrack
3365489,Moufas,Mihalis Safras,SpotifyTrack
3369750,Balcania,Tim Vita,SpotifyTrack
3369917,Pónteme - Luke DB and Attilson Remix,"Attilson, Jenn Morel, Luke DB",SpotifyTrack
3535640,Bola De Good,"KVSH, Mandragora, Samantha Machado",SpotifyTrack
3729027,Knowing we'll be Here - KiNK Remix,Daniel Avery,SpotifyTrack
3729812,Colirio,"Fábio Della, KVSH, The Fish House",SpotifyTrack
3750750,Dança do Bumbum,"Afro Bros, Mastiksoul",SpotifyTrack
3756993,Knowing We'll Be Here - KiNK Remix,"Daniel Avery, Kink",SpotifyTrack
3788381,coasting,"Futon, bbno$, hollow",SpotifyTrack
3788383,golden rule,"bbno$, downtime",SpotifyTrack
3788385,pennies up,"MIA GLADSTONE, Mr. Carmack, Promnite, bbno$",SpotifyTrack
3788401,Off The Goop,"Cuco, Yung Gravy, bbno$",SpotifyTrack
3793719,See Me Fall - Y2k Remix,"Ro Ransom, Y2K",SpotifyTrack
3798197,No Problem,"JR Sanchez, Sébastien Léger",SpotifyTrack
3798198,Atomic Pop,Sébastien Léger,SpotifyTrack
3798201,Tonight,Sébastien Léger,SpotifyTrack
3803963,backwards,"bbno$, lentra",SpotifyTrack
3813904,Miami,"Miami Rockets, Nicola Fasano",SpotifyTrack
3859118,Cracks - Radio Edit,"Andreas Moe, Norman Doray",SpotifyTrack
3864437,Stay - Nicola Fasano South Beach Mix,"CeCe Rogers, Mauro Ferrucci, Tommy Vee",SpotifyTrack
3865574,Sweet Freedom,"Darren Crook, Norman Doray",SpotifyTrack
3866745,Nothing Left To Lose - Original Mix,"Noid, Tommy Trash",SpotifyTrack
3867266,Nammos - Original Mix,Denzal Park,SpotifyTrack
3867712,Black Eyes & Blue - MYNC & Mario Fischetti Remix,"CLMD, MYNC, Mario Fischetti",SpotifyTrack
3867731,Perfect Storm - Clockwork Remix,"Benny Benassi, Pink Is Punk",SpotifyTrack
3867954,Match Point - Extended Mix,"Arston, D-Mad",SpotifyTrack
3868177,Any Day - Original Club Mix,"Dzeko & Torres, Gallantry, Jus Jack",SpotifyTrack
3868187,Disco Inferno - Original Mix,Ken Roll,SpotifyTrack
4164360,Starclad - Original Mix,"Christian Zechner, Lira Yin",SpotifyTrack
4165638,7 Suns - Adam Nickey Remix,Mark Arbor,SpotifyTrack
4165799,Early Sunrise - Hoyaa Remix,Jo Micali,SpotifyTrack
4165828,Ethereal - Kago Pengchi Remix,Odonbat,SpotifyTrack
4166386,Dreams About You - Dreamy Remix,Christian Drost,SpotifyTrack
4394654,Daze,"Ja-bar, Soulja Boy",SpotifyTrack
4415102,Romantic,"Machai, Soulja Boy",SpotifyTrack
4415264,doubles,"Downtime, Swerzie, bbno$",SpotifyTrack
4420265,Crank That (Soulja Boy) [Travis Barker Remix],"Soulja Boy, Travis Barker",SpotifyTrack
4424451,I'm Your Woman,Muttonheads,SpotifyTrack
4427225,G Walk,"Lil Jon, Soulja Boy",SpotifyTrack
4434020,Any Day - Original Club Mix,"Dzeko & Torres, Gallantry, Jus Jack",SpotifyTrack
4434164,Nothing Left To Lose - Original Mix,"Noid, Tommy Trash",SpotifyTrack
4434404,Mara - Breaux & Carnage Festival Trap VIP Mix,Carnage,SpotifyTrack
4461422,Twilight,Cover Drive,SpotifyTrack
4463114,Love Love Love - Rivaz & Botteghi Remix,"Botteghi, Gary Caos, Gary Nesta Pine, Lopez, Rivaz",SpotifyTrack
4477657,Latitude 436 (Guataqui),"Dual Beat, Nicola Fasano",SpotifyTrack
4577514,Dirty,Future Class,SpotifyTrack
4583426,Love Is The Drug - Todd Terje Disco Dub,"Roxy Music, Todd Terje",SpotifyTrack
4594608,Ilha Grande - Original Mix,Alex Miles,SpotifyTrack
4595138,A Fifth of Beethoven - The Reflex Re-Vision,"Henri-Pierre Noel, The Reflex",SpotifyTrack
4597481,Believe - Original Mix,Soldiers of Twilight,SpotifyTrack
4603106,Striped Flower,"Chris Lake, Sébastien Léger",SpotifyTrack
4856588,Good For You - Sleepwalkers Remix,"Danny Shah, Mastiksoul, Shaggy",SpotifyTrack
4918867,Looking for Love - Radio Edit,"Fenja, Nilson, The 8th Note",SpotifyTrack
4919031,Going Away,"Eden Martin, Muttonheads",SpotifyTrack
4958204,Dumb - Remix,"Nicola Fasano, Olivia Addams",SpotifyTrack
4963205,Opale - Original Mix,"Siwell, Sébastien Léger",SpotifyTrack
4985023,B.O.R. (Birth of Rap),Lil B,SpotifyTrack
5043012,Tell Me - Club Mix,"Luca Guerrieri, Mat Twice, Nicola Fasano, Steve Forest, Tommy Vee",SpotifyTrack
5044847,Black Eyes and Blue,CLMD,SpotifyTrack
5057530,No Satisfaction - Original Mix,Paul Strive,SpotifyTrack
5057535,Night Time,"Ambush, Dj Obek, Silco",SpotifyTrack
5057701,Nubia - Original Mix,"Dashka, Sebastien Lintz",SpotifyTrack
5057704,Killa Tune - Original Mix,Sergio Fernandez,SpotifyTrack
5057705,Bang - Original Mix,"Darko De Jan, Greg Stainer",SpotifyTrack
5057706,Violet - Original Mix,"Chase Buch, Nick Olivetti",SpotifyTrack
5057709,Benirras - Original Mix,"Heikki L, Something Good",SpotifyTrack
5057711,Cluster,Nilson,SpotifyTrack
5057712,Jaws - Original Mix,Gregori Klosman,SpotifyTrack
5057746,Alininha - Edu Imbernon Remix,Paolo Mojo,SpotifyTrack
5057747,A La Hora Que Me Ilamen - Latino Mix,"T. Tommy, Victor Perez",SpotifyTrack
5057751,Nubia - Original Mix,"Dashka, Sebastien Lintz",SpotifyTrack
5057754,Buhstyle - Original Mix,Stefano Noferini,SpotifyTrack
5057756,Perfect Storm - Clockwork Remix,"Benny Benassi, Clockwork, Pink Is Punk",SpotifyTrack
5057757,Reset,Luca Novelli,SpotifyTrack
5057759,Oh Fak,Kolabz,SpotifyTrack
5057761,Any Day - Instrumental,"Dzeko & Torres, Gallantry, Jus Jack",SpotifyTrack
5057762,Deal Breaker - Dyro Remix [Exclusive Miami MYNC Re-Boot],"Dyro, LOOPERS",SpotifyTrack
5057765,Hot Pick - Original Mix,"Filth, Splendour",SpotifyTrack
5057767,Reload - Original Mix,Norman Zube,SpotifyTrack
5057768,Default,Kura,SpotifyTrack
5057770,Nammos - Original Mix,Denzal Park,SpotifyTrack
5057772,Terrace (Original Mix),DJ Wady,SpotifyTrack
5057803,MYNCDJ Is Our Twitter,MYNC,SpotifyTrack
5057965,Who Am I,"Andretta, Patrick M",SpotifyTrack
5058111,No Satisfaction - Original Mix,Paul Strive,SpotifyTrack
5058140,Ascension - Instrumental Mix,Soul Central,SpotifyTrack
5058625,Knight Rider,"Filth, Splendour",SpotifyTrack
5059087,Trivia,Florian Picasso,SpotifyTrack
5059298,Unspoiled Perfection - Miami Edit,"Adrian Delgado, Deorro, Madeleine Jayne",SpotifyTrack
5059537,Sweet Sensation - Original Mix,Etienne Ozborne,SpotifyTrack
5059572,Out Of Gas - Original Mix,Mikalogic,SpotifyTrack
5060120,Music Brings You Back - Original Mix,"Nina Hall, Vision Factory",SpotifyTrack
5060139,Zen - Radio Edit,"Loudan, Regoton",SpotifyTrack
5060477,Thing Called Love,"DJ Crespo, Landis",SpotifyTrack
5060478,Auroras,Adam Rickfors,SpotifyTrack
5060518,You Say Hello - Abel Ramos Remix,"Abel Ramos, Pic Schmitz",SpotifyTrack
5060778,Last Forever (feat. Errol Reid) - Original Mix,"Errol Reid, Norman Doray, Tristan Garner",SpotifyTrack
5060935,Music Brings You Back,"Nina Hall, Vision Factory",SpotifyTrack
5061197,El Tumbao - Baccanali DJs Remix,"Baccanali Djs, T. Tommy, Victor Perez",SpotifyTrack
5061542,"Hold Back, Turn Back - Norman Doray Extended Remix","Lee Cabrera, Norman Doray, Richard F.",SpotifyTrack
5062022,Tonite - The Perez Brothers Mix,"Kat Deluna, Nicola Fasano",SpotifyTrack
5062593,Ándale - Nicola Fasano & Steve Forest Mix,"Nicola Fasano, Stereo Palma, Steve Forest",SpotifyTrack
5062602,Beneath You - Original Mix,Mark Mendes,SpotifyTrack
5093575,Believe - Radio Edit,Soldiers of Twilight,SpotifyTrack
5109371,Tell The World,"Norman Doray, Sneaky Sound System",SpotifyTrack
5110635,VIP,"Dante, Nick Havsen",SpotifyTrack
5120920,Prey,Renzyx,SpotifyTrack
5125931,Free from Your Love,"Baraka, Moonwalk",SpotifyTrack
5128585,Push The Feeling - Radio Mix,"Alex Guesta, Fatman Scoop, Nicola Fasano",SpotifyTrack
5136102,Work,Dante,SpotifyTrack
5142278,Ultimo Imperio - Steve Forest Reboot,"Atahualpa, Nicola Fasano, Steve Forest",SpotifyTrack
5147086,Deal Breaker - Dyro Remix [Exclusive Miami MYNC Re-Boot],"Dyro, LOOPERS",SpotifyTrack
5147325,Thing Called Love,"DJ Crespo, Landis",SpotifyTrack
5155483,Your Soul,"Dante, Nick Havsen",SpotifyTrack
5160065,Don’t Stop It (feat. Nito-Onna),"Jaydan Wolf, Nicola Fasano, Nito-Onna",SpotifyTrack
5162014,Sit Down - Original Mix,"DRTJCK, Ken Roll",SpotifyTrack
5174979,June - Original Mix,Andrew Bennett,SpotifyTrack
5175027,Thank You - MYNC Exclusive Edit,"Hard Rock Sofa, MYNC, Swanky Tunes",SpotifyTrack
5175030,Last Forever - Original Vocal Mix,"Errol Reid, Norman Doray, Tristan Garner",SpotifyTrack
5175250,Looking For Love - Radio Edit,"Fenja, Nilson, The 8th Note",SpotifyTrack
5190217,Brazil We Flexing (part. Soulja Boy),MC Guime,SpotifyTrack
5258440,Ngomso - DJ Lag Remix,"DJ Lag, Moonchild Sanelly, Stiff Pap",SpotifyTrack
5325502,I Don't Wanna,"Agrume, Crystal Waters",SpotifyTrack
5326326,"76, Ocean Drive - Apache Vocal Radio Edit","Nicola Fasano, Pat-Rich",SpotifyTrack
5396753,Drifting Through Darkness - Photographer Remix,"Chris Turner, Luke Terry",SpotifyTrack
5396788,Love Victims - Temple One Remix,Thomas Coastline,SpotifyTrack
5396800,Counting Stars - Stonevalley Remix,Luke Terry,SpotifyTrack
5396807,Tales From The Forest - Original Mix,Luke Terry,SpotifyTrack
5396817,Early Sunrise - Original Mix,Jo Micali,SpotifyTrack
5396856,Beautiful Sunset - Original Mix,Jo Micali,SpotifyTrack
5396857,Peak Experience - Original Mix,Jo Micali,SpotifyTrack
5458190,Playing With Knives - Quadrant Remix,"Bizarre Inc, Quadrant",SpotifyTrack
5459745,Hit Girl,Sébastien Léger,SpotifyTrack
5493991,"Mayo, No Fries!","Joost, bbno$",SpotifyTrack
5498355,Royal Flush,"Big L, Royal Flush",SpotifyTrack
5498401,Viscasity,"SwuM, bbno$",SpotifyTrack
5499271,What I'm Into,Soulja Boy,SpotifyTrack
5516666,doubles,"Downtime, Swerzie, bbno$",SpotifyTrack
5516671,what hook?,"Trippy tha Kid, bbno$, howl",SpotifyTrack
5516860,admit it,"TrippyThaKid, bbno$, lentra",SpotifyTrack
5519101,top gun,bbno$,SpotifyTrack
5534074,wonkybish,"Senojnayr, Trippy tha Kid, bbno$",SpotifyTrack
5571268,Carl Fish,Paris Angeles,SpotifyTrack
5573199,Mala Mala,"DYSTINCT, Mastiksoul",SpotifyTrack
5585870,edamame (feat. Rich Brian) - Miky Woodz Remix,"Miky Woodz, Rich Brian, bbno$",SpotifyTrack
5597025,Ric Flair,"Bow Wow, Soulja Boy",SpotifyTrack
5638158,Ocho - Original Mix,Ant Brooks,SpotifyTrack
5643143,King of My Castle - Nicola Fasano & Steve Forest Mix,"Nicola Fasano, Steve Forest, Wamdue Project",SpotifyTrack
5644219,Elektro - Nicola Fasano South Beach Radio Mix,"Mr. Gee, Nicola Fasano, Outwork",SpotifyTrack
5644287,Um Lugar (feat. KVSH),"KVSH, SEST",SpotifyTrack
5647228,Give You Up - Rivaz & Botteghi Remix,"Botteghi, Rivaz, Tommy Vee",SpotifyTrack
5650037,Go For That - MYNC Edit,"Felix Leiter, MYNC",SpotifyTrack
5654723,O Canto da Cidade - Original Mix,"Lu Menezes, Nicola Fasano",SpotifyTrack
5698277,take a trip,"bbno$, ceo@business.net, jungle bobby, lentra",SpotifyTrack
5712489,The Skyy Soul,Sébastien Léger,SpotifyTrack
5717431,Love Is The Drug - Todd Terje Disco Dub,Roxy Music,SpotifyTrack
5733474,"3 Day Week End - Sebastien Leger ""Last Resort"" Mix","Sébastien Léger, Étienne de Crécy",SpotifyTrack
5736084,I'm Bout Tha Stax (intro),Soulja Boy,SpotifyTrack
5736711,1999 Flavors,Sébastien Léger,SpotifyTrack
5736712,K-una,Sébastien Léger,SpotifyTrack
5736713,Jungle Anthem,Sébastien Léger,SpotifyTrack
5736714,10sko Defection,Sébastien Léger,SpotifyTrack
5736716,Bouteille à la mer,Sébastien Léger,SpotifyTrack
5736718,Saturation,Sébastien Léger,SpotifyTrack
5782732,Believe - Extended Mix,Soldiers of Twilight,SpotifyTrack
5785792,Warm Memories,Demon Ritchie,SpotifyTrack
5812588,UH OH - Original Mix,Gold Top,SpotifyTrack
5861498,IDFWY - Original Mix,KVSH,SpotifyTrack
5991052,flex,"Sonn, bbno$",SpotifyTrack
6020177,Playing With Knives - Quadrant Remix - Mixed,"Bizarre Inc, Quadrant",SpotifyTrack
6028920,i remember,bbno$,SpotifyTrack
6048321,Feel It,KVSH,SpotifyTrack
6048322,Amor de Fim de Noite - KVSH Remix,"KVSH, Orochi",SpotifyTrack
6057048,Gasosa - Original Mix,"Laton, Mastiksoul",SpotifyTrack
6057176,Qué Chimba - Rivaz & Botteghi Remix,"Botteghi, Maluma, Rivaz",SpotifyTrack
6088525,Wine Up - Miami Rockets Video,"Nicola Fasano, Victor Magan, Wiseman",SpotifyTrack
6097693,Snap And Roll,Soulja Boy,SpotifyTrack
6097849,Pass It To Arab,Soulja Boy,SpotifyTrack
6097872,Bird Walk - Main,Soulja Boy,SpotifyTrack
6097886,Booty Meat,Soulja Boy,SpotifyTrack
6097890,She Thirsty,Soulja Boy,SpotifyTrack
6097924,Let Me Get Em,Soulja Boy,SpotifyTrack
6100137,Crank That (Soulja Boy) [Travis Barker Remix],"Soulja Boy, Travis Barker",SpotifyTrack
6103473,Pancada,"Eros & Wezsdy, Mastiksoul",SpotifyTrack
6103572,Baixou,"Eros & Wezsdy, Mary J, Mastiksoul",SpotifyTrack
6103616,Baile de Favela,"MC Beibes, Mastiksoul, Mc Vini",SpotifyTrack
6109477,quarantine freestyle,"bbno$, lentra",SpotifyTrack
6109485,Spend It All,Soulja Boy,SpotifyTrack
6109526,Speakers Going Hammer,Soulja Boy,SpotifyTrack
6109527,Gas (feat. Migos),"Migos, Soulja Boy",SpotifyTrack
6113635,Tou Na Moda,"Los Manitos, Mastiksoul",SpotifyTrack
6132238,"75, Brazil Street (Vocal Radio Mix) - Nicola Fasano Vs Pat-Rich","Nicola Fasano, Pat-Rich",SpotifyTrack
6176243,Mama Coça,Mastiksoul,SpotifyTrack
6184250,Marco Polo (feat. Soulja Boy Tell 'Em),"Bow Wow, Soulja Boy",SpotifyTrack
6187392,Kiss Me Thru The Phone,"Sammie, Soulja Boy",SpotifyTrack
6219142,Don't Stop It (feat. Nito-Onna),"Jaydan Wolf, Nicola Fasano, Nito-Onna",SpotifyTrack
6220415,Pacific,Freemasons,SpotifyTrack
6220471,NEED U 2008 - Original Edit Radio,"Mathieu Bouthier, Muttonheads",SpotifyTrack
6220474,Feel the Wave (feat. Lady V) - Radio Edit,"Didier Sinclair, Lady V",SpotifyTrack
6220475,Heavenly - Radio Edit,Didier Sinclair & DJ Chris Pi,SpotifyTrack
6220514,Last Forever (Original Vocal Radio Edit),"Norman Doray, Tristan Garner",SpotifyTrack
6220606,I'll Be There - Radio Edit,Muttonheads,SpotifyTrack
6293620,Buhstlye - Original Mix,Stefano Noferini,SpotifyTrack
6294248,HML,Soulja Boy,SpotifyTrack
6325908,La Passione - Chris von Nunchaku Mix,"Chris Von Nunchaku, Elio Riso",SpotifyTrack
6357161,Bamboo Rush,Repow,SpotifyTrack
6357906,Listen To Me - Radio Edit,Chris River,SpotifyTrack
6358296,Mars,Sébastien Léger,SpotifyTrack
6361133,Brighter Days - Mark Broom Disco Mix,"Cajmere, Dajae",SpotifyTrack
6405744,Don't Stop It (feat. Nito-Onna),"Jaydan Wolf, Nicola Fasano, Nito-Onna",SpotifyTrack
6449960,Leslie Crowther,Shenoda,SpotifyTrack
6466036,Twilight,Cover Drive,SpotifyTrack
6474689,Pa Pa Pa,"Kubi, Yamamoto",SpotifyTrack
6475005,SURREAL,"KVSH, PEDRO SAMPAIO",SpotifyTrack
6484614,3hunna (Remix),"Chief Keef, Soulja Boy",SpotifyTrack
6485013,bad to the bone,"bbno$, lentra",SpotifyTrack
6486310,POW,Soulja Boy,SpotifyTrack
6527504,Jacobino,Mastiksoul,SpotifyTrack
6547503,"75, Brazil Street (Steve Forest & Paul Sim0n Mix) - Nicola Fasano Vs Pat-Rich","Nicola Fasano, Pat-Rich",SpotifyTrack
6550005,Hey You There,Soulja Boy,SpotifyTrack
6561343,Jungle Terror,Mastiksoul,SpotifyTrack
6563990,She Make It Clap,Soulja Boy,SpotifyTrack
6582640,Livre,"Mariza, Mastiksoul",SpotifyTrack
6614601,Motherfucker,Kubi,SpotifyTrack
6614979,Lights Out - Go Crazy,"Far East Movement, Junior Caldera, Natalia Kills",SpotifyTrack
6626084,Tonite - The Perez Brothers Mix,"Kat Deluna, Nicola Fasano, The Perez Brothers",SpotifyTrack
6681546,Drive On,Soldiers of Twilight,SpotifyTrack
6681552,Believe - Radio Edit,Soldiers of Twilight,SpotifyTrack
6743031,Equator - Original Mix,Dmitry Bessonov,SpotifyTrack
6746668,Drifting Through Darkness - Photographer Remix,"Chris Turner, Luke Terry",SpotifyTrack
6800501,Good Dope - Douth! Remix,"Douth!, Future Class, Makloud",SpotifyTrack
6802712,Bust It Down,Soulja Boy,SpotifyTrack
6815643,Believe,Soldiers of Twilight,SpotifyTrack
6815777,Sweet Freedom - Club Mix,"Darren Crook, Norman Doray",SpotifyTrack
6815795,The Way You Dance,"Fab's, Moon Arch",SpotifyTrack
6815890,Smashing Music - Radio Edit,Muttonheads,SpotifyTrack
6815892,Feel The Wave - Radio Edit,"Didier Sinclair, Lidy V",SpotifyTrack
6815911,Sweet Freedom - Extended Mix,"Darren Crook, Norman Doray",SpotifyTrack
6830418,"Bareto (feat. Yung Iverson, Jambene, RK Wavy, PALACE & Oliver Outc)","Akapellah, Jambene, Junior Caldera, Oliver Outc, PALACE, RK wavy, Trainer, Yung Iverson",SpotifyTrack
6880710,Mastiksoul - Não Volto Mais,"Anselmo Ralph, Los Manitos, Mastiksoul",SpotifyTrack
6928931,Lights Out (Go Crazy),"Far East Movement, Junior Caldera, Natalia Kills",SpotifyTrack
7000802,She Make It Clap,Soulja Boy,SpotifyTrack
7007280,Breakout,"Almost Famous, Soulja Boy",SpotifyTrack
7068680,Because - Radio Edit,Father And Son,SpotifyTrack
7068681,Love U - Anton Wick Rework Extended Mix,"Anton Wick, John Modena",SpotifyTrack
7068682,Sweet Love - Radio Edit,"Flane, MakerJack",SpotifyTrack
7068683,My Mind - Short Edit,Father And Son,SpotifyTrack
7069345,Balearique,"DJ Rocca, Dimitri From Paris",SpotifyTrack
7069373,My Mind - Les Bisous Remix,"Father And Son, Les Bisous",SpotifyTrack
7069701,Sweet Freedom - The Reflex Revision,"Darren Crook, Norman Doray, The Reflex",SpotifyTrack
7200938,Aurora,Romeo Blanco,SpotifyTrack
7200959,Hey You There,Soulja Boy,SpotifyTrack
7222183,Where Is Monday,Okain,SpotifyTrack
7233065,Saturday Night Michael Feiner Radio Edit,Daniel Lindström,SpotifyTrack
7246563,Been a Long Time (Nicola Fasano Radio Edit) - Nicola Fasano Vs Yoshimoto,"Nicola Fasano, Yoshimoto",SpotifyTrack
7246915,Sir John,White Elephant,SpotifyTrack
7246963,Baa Boo,Reverso 68,SpotifyTrack
7291471,Hands Up,"Dmol, Mastiksoul",SpotifyTrack
7306405,Funk Country - Micky Slim Remix,"Micky Slim, Ryan Murgatroyd, Tasha Baxter",SpotifyTrack
7306413,Sunday Trip - Original Mix,Danny Freakazoid,SpotifyTrack
7306559,"76, Ocean Drive - Apache Vocal Mix","Apache, Nicola Fasano, Pat-Rich",SpotifyTrack
7366291,Twilight,Cover Drive,SpotifyTrack
7394702,Any Day,"Dzeko, Gallantry, Jus Jack, Torres",SpotifyTrack
7424662,With Ease,"ANH, Billy Marchiafava, bbno$",SpotifyTrack
7464140,Last Forever - Vocal Mix,"Errol Reid, Norman Doray, Tristan Garner",SpotifyTrack
7464272,Andale - Nicola Fasano & Steve Forest Mix,Stereo Palma,SpotifyTrack
7464291,Tobita (Original Mix),Norman Doray,SpotifyTrack
7464526,Kalifornia - Original,Norman Doray,SpotifyTrack
7464782,redblack,Arias,SpotifyTrack
7464783,Burning Heart,Arias,SpotifyTrack
7464784,Tutu - Original Mix,Arias,SpotifyTrack
7533819,First Day Of School,Soulja Boy,SpotifyTrack
7552540,Seems So Far - Radio Edit,Sébastien Léger,SpotifyTrack
7555597,Love Is The Drug,Roxy Music,SpotifyTrack
7579915,Trombone,"Kubi, RENNAN",SpotifyTrack
7583190,wussup (feat. Yung Gravy),"Yung Gravy, bbno$",SpotifyTrack
7583191,tonight we fuckin' party,"ANH, bbno$",SpotifyTrack
7584597,Sunrise - Original Mix,Denis Kenzo,SpotifyTrack
7599833,Been a Long Time - Nicola Fasano Radio Edit,"Nicola Fasano, Yoshimoto",SpotifyTrack
7600657,Holetime,"BosRico, DOGDEER, Hounds, Yung Bambi, bbno$",SpotifyTrack
7602271,Big Racks,Soulja Boy,SpotifyTrack
7602273,Stretch Some,Soulja Boy,SpotifyTrack
7640605,Kiss Me Thru The Phone,"Sammie, Soulja Boy",SpotifyTrack
7655811,Love Is The Drug,Roxy Music,SpotifyTrack
7656718,Going Away - Radio Edit,"Eden Martin, Muttonheads",SpotifyTrack
7656741,The Power - Radio Edit,"Eden Martin, Muttonheads",SpotifyTrack
7658971,Intro,Soulja Boy,SpotifyTrack
7663971,Feel the Wave - Radio Edit,"Didier Sinclair, Lady V",SpotifyTrack
7705751,LZRFNK,Autoerotique,SpotifyTrack
7705917,Id Sax,Kubi,SpotifyTrack
7708454,Good Dope - Gorillowz Remix,"Future Class, Gorillowz, Makloud",SpotifyTrack
7709679,"Way (Feat. CHOILB, GIRIBOY, BIG Naughty, Kvsh, Kim Seungmin, OLNL, Kid Milli, THAMA)","BIG Naughty, CHOILB, GIRIBOY, KVSH, Kid Milli, Kim Seungmin, OLNL, THAMA",SpotifyTrack
7710655,Sexytrack,"Douth!, Kubi",SpotifyTrack
7721920,Awakenings,"Krash!, Kubi",SpotifyTrack
7756061,Rich N Whippin,"Ray J, Soulja Boy",SpotifyTrack
7756950,Aqualight - Original Mix,"Chris Lake, Sébastien Léger",SpotifyTrack
7817491,Tell The World - Shorter Edit,"Norman Doray, Sneaky Sound System",SpotifyTrack
7819187,Cultura De Radio - Supernova Remix,Emijay,SpotifyTrack
7819482,Boungaville,Fausto Messina,SpotifyTrack
7829516,Twilight - Nicola Fasano & Steve Forest Dirty Shade Remix,"Cover Drive, Nicola Fasano, Steve Forest",SpotifyTrack
7907066,Baa Boo,Reverso 68,SpotifyTrack
7924114,DAMN,"Y2K, lil aaron",SpotifyTrack
7951363,Wine Up (Sexy Banana) - Miami Rockets Video,"Nicola Fasano, Victor Magan, Wiseman",SpotifyTrack
8041325,Ready E,Soldiers of Twilight,SpotifyTrack
8096782,Blowing Me Kisses - main,Soulja Boy,SpotifyTrack
8112173,Unspoiled Perfection,"Adrian Delgado, Deorro, Madeleine Jayne",SpotifyTrack
8126306,Elektro - Nicola Fasano South Beach Radio Mix,"Mr. Gee, Nicola Fasano, Outwork",SpotifyTrack
8196637,Love Is The Drug,Roxy Music,SpotifyTrack
8246961,Step Off,Agrume,SpotifyTrack
8246963,Lemme Know,Agrume,SpotifyTrack
8247030,Diametrik - DJ Nekbath Remix,Sébastien Léger,SpotifyTrack
8247031,Grab My Hips,Sébastien Léger,SpotifyTrack
8247463,Gonna Be My Day - Henrik Schwarz Acoustronic Remix,Marsmobil,SpotifyTrack
8267950,A Fifth of Beethoven - The Reflex Revision,Henri-Pierre Noel,SpotifyTrack
8269843,Feel I'm Falling - Dub Mix,"16BL, Raz Nitzan",SpotifyTrack
8281867,Gems - Original Mix,DJ Ortzy,SpotifyTrack
8300776,A Fifth of Beethoven - The Reflex Re-Vision,"Henri-Pierre Noel, The Reflex",SpotifyTrack
8312554,Don’t Stop It (feat. Nito-Onna),"Jaydan Wolf, Nicola Fasano, Nito-Onna",SpotifyTrack
8343417,"About you (Feat. K.vsh, OLNL)","K.vsh, OLNL, jeebanoff",SpotifyTrack
8369136,Camisa,Kubi,SpotifyTrack
8373697,"Fight, Fuck, & Make Up","Bow Wow, Soulja Boy",SpotifyTrack
8377863,First Day Of School,Soulja Boy,SpotifyTrack
8377864,Touchdown,Soulja Boy,SpotifyTrack
8377865,Hey Cutie,"Soulja Boy, Trey Songz",SpotifyTrack
8377866,Speakers Going Hammer,Soulja Boy,SpotifyTrack
8377867,30 Thousand 100 Million,"AR-AB, Lil B, Soulja Boy",SpotifyTrack
8377868,Mean Mug,"50 Cent, Soulja Boy",SpotifyTrack
8377869,Blowing Me Kisses,Soulja Boy,SpotifyTrack
8386151,My Desire,"Eddy J, Luke DB",SpotifyTrack
8387755,Blowing Me Kisses,Soulja Boy,SpotifyTrack
8415411,Kiss Me Thru The Phone,"Sammie, Soulja Boy",SpotifyTrack
8425710,Kiss Me Thru The Phone,"Sammie, Soulja Boy",SpotifyTrack
8459677,Damn - umru Remix,"Y2K, lil aaron, umru",SpotifyTrack
8461866,Good For You,"Danny Shah, Mastiksoul, Shaggy",SpotifyTrack
8475545,I Feel (Radio Mix),Moon Arch,SpotifyTrack
8475567,Heavenly (Joachim Garraud Remix) [Radio Edit],"Chris Pri, Didier Sinclair, Joachim Garraud",SpotifyTrack
8595277,G Walk,"Lil Jon, Soulja Boy",SpotifyTrack
8689544,#InstaFamous,"JBar, Soulja Boy, Taiya",SpotifyTrack
8697353,Clash,"Flame City, KVSH",SpotifyTrack
8794605,Opale - Original Mix,"Siwell, Sébastien Léger",SpotifyTrack
8861968,Strings Of Life - Radio Edit,"DJ TORA, Daishi Dance, Luke DB",SpotifyTrack
8861978,chess,"Konrad OldMoney, bbno$",SpotifyTrack
8934972,Nobody Else but You - Mastiksoul Dirty Mix,"Mastiksoul, Trey Songz",SpotifyTrack
8935110,tony thot,"bbno$, lentra",SpotifyTrack
8935188,Kill or Be Killed....,"Quentin Miller, Soulja Boy",SpotifyTrack
8959053,My Type,"Soulja Boy, Tylan",SpotifyTrack
9061069,Liberal Zee - Session Victim Remix,"Jay Shepheard, Matthew Burton, Session Victim",SpotifyTrack
9080512,Sundowna - Dyed Soundorom & Shonky Remix,Till Von Sein,SpotifyTrack
9080532,Sundowna - Original Mix,Till Von Sein,SpotifyTrack
9114816,Hit Them Folks,Soulja Boy,SpotifyTrack
9116678,Big & Fat - Original Mix,"Miami Rockets, Nicola Fasano",SpotifyTrack
9130670,(It Is) Blasphemy,"Jack Strify, Junior Caldera",SpotifyTrack
9216807,Donk,Soulja Boy,SpotifyTrack
9222652,C’est La Vie (with bbno$ & Rich Brian),"Rich Brian, Yung Gravy, bbno$",SpotifyTrack
9232340,Whole Lot of Money,Soulja Boy,SpotifyTrack
9232381,Epidemic,"Boosie Badazz, Soulja Boy",SpotifyTrack
9234885,astrology,"bbno$, lentra",SpotifyTrack
9247790,Pesos,Soulja Boy,SpotifyTrack
9248062,I'm A Rockstar,Soulja Boy,SpotifyTrack
9275485,Mean Mug,"50 Cent, Soulja Boy",SpotifyTrack
9281555,CAN'T EVEN LIE (feat. Soulja Boy),"Soulja Boy, WESTSIDE BOOGIE",SpotifyTrack
9284710,Spot a Thot,"TrippyThaKid, Yung Bambi, bbno$, korosu",SpotifyTrack
9285761,Yellow On Yellow,Soulja Boy,SpotifyTrack
9285763,Shawn Carter,Soulja Boy,SpotifyTrack
9285764,Paraphernalia,Soulja Boy,SpotifyTrack
9292215,Hurricane,Soulja Boy,SpotifyTrack
9292996,Top (feat. Soulja Boy),"Higher Brothers, Soulja Boy",SpotifyTrack
9296362,Crank That (Soulja Boy) [Travis Barker Remix],"Soulja Boy, Travis Barker",SpotifyTrack
9297033,jack money bean,"Yung Gravy, bbno$, lentra",SpotifyTrack
9334661,Swag Sex,"Marques Houston, Soulja Boy",SpotifyTrack
9346525,Get That Bag,"ROO $TACKS, Soulja Boy",SpotifyTrack
9346537,Copy & Paste,"Soulja Boy, T.I.",SpotifyTrack
9367036,Rockstar,Soulja Boy,SpotifyTrack
9376968,Sexytrack - Radio Edit,"Douth!, Kubi",SpotifyTrack
9381737,Double Cup Wocky,Soulja Boy,SpotifyTrack
9390570,Need U 2008 - Original Edit Radio,"Mathieu Bouthier, Muttonheads",SpotifyTrack
9392576,Whippin My Wrist,Soulja Boy,SpotifyTrack
9400711,what i do,"Yung Bambi, bbno$, lentra",SpotifyTrack
9402885,SadSouljaFrosty (feat. Soulja Boy),"Sad Frosty, Soulja Boy",SpotifyTrack
9435691,Molly,Soulja Boy,SpotifyTrack
9437473,Mega Star,Soulja Boy,SpotifyTrack
9437629,Gone,Soulja Boy,SpotifyTrack
9438397,Kiss Me Thru The Phone,"Sammie, Soulja Boy",SpotifyTrack
9440159,New Drip,"Da Mista, Soulja Boy",SpotifyTrack
9441771,jurassic,"TrippyThaKid, bbno$, lentra",SpotifyTrack
9442401,Ridin Round,Soulja Boy,SpotifyTrack
9444023,Overseas Drip,Soulja Boy,SpotifyTrack
9447708,No Hook (True Story),Soulja Boy,SpotifyTrack
9451801,Soulja Girl,"I-15, Soulja Boy",SpotifyTrack
9453594,Who I Am,"Kristen Hanby, Soulja Boy",SpotifyTrack
9456431,Cut Dat Check,Soulja Boy,SpotifyTrack
9478680,Eazy,Soulja Boy,SpotifyTrack
9478690,Louis Vuitton,Soulja Boy,SpotifyTrack
9478691,Im So Important (Came Out The Water Part 2),Soulja Boy,SpotifyTrack
9478696,keep up,"TrippyThaKid, bbno$, lentra",SpotifyTrack
9478709,Triple Beam,Soulja Boy,SpotifyTrack
9478713,Aye,Soulja Boy,SpotifyTrack
9478854,Chain Gang,Soulja Boy,SpotifyTrack
9478855,Go Crazy,"Desiigner, Soulja Boy",SpotifyTrack
9478861,Really Paid,Soulja Boy,SpotifyTrack
9478933,dont tell me shit,"Dbangz, Sonn, bbno$",SpotifyTrack
9478951,drowning w/bbno$,"Downtime, bbno$",SpotifyTrack
9478952,White Eyes (Feat. bbno$),"Arthrn, Yung Bambi, bbno$",SpotifyTrack
9478956,Spot a Thot,"TrippyThaKid, Yung Bambi, bbno$, korosu",SpotifyTrack
9478995,fabled,"bbno$, lentra",SpotifyTrack
9479003,Special Price,"Donnie, bbno$",SpotifyTrack
9482779,Tudo Nosso - Nada Deles,"Los Manitos, Mastiksoul",SpotifyTrack
9484117,Rubber Bands,Soulja Boy,SpotifyTrack
9499070,Pull Up,"Philthy Rich, Soulja Boy",SpotifyTrack
9500654,Mean Mug,"50 Cent, Soulja Boy",SpotifyTrack
9514771,Whippin My Wrist,Soulja Boy,SpotifyTrack
9520157,The Zuera Never Ends,Repow,SpotifyTrack
9520995,My Valentine,"24hrs, Soulja Boy",SpotifyTrack
9541152,Work,Kubi,SpotifyTrack
9545158,Heavenly - Original Mix,"DJ Chris Pi, Didier Sinclair",SpotifyTrack
9555882,Low Nigga,KVSH,SpotifyTrack
9561527,BTBT,"B.I, DeVita, Soulja Boy",SpotifyTrack
9587246,John Gotti,Soulja Boy,SpotifyTrack
9606373,Kiss Me Thru The Phone,"Sammie, Soulja Boy",SpotifyTrack
9660076,The Bump - Tonite Only Radio Edit,"Hook N Sling, Kid Kenobi",SpotifyTrack
9698066,Dreamer - Original Mix,Manu Gonzalez,SpotifyTrack
9834296,Say So,Soulja Boy,SpotifyTrack
9834318,In Here,Soulja Boy,SpotifyTrack
9929271,Down (feat. Rachel Lloyd),"Afterlife, Rachel Lloyd",SpotifyTrack
9996689,Do What,Norman Doray,SpotifyTrack
10017574,Love Is The Drug,Roxy Music,SpotifyTrack
10036718,Walk in the Drip,"Q Money, Soulja Boy",SpotifyTrack
10058515,Clumsy - Collipark Remix,"Fergie, Soulja Boy",SpotifyTrack
10073343,A Fifth of Beethoven - The Reflex Re-Vision,"Henri-Pierre Noel, The Reflex",SpotifyTrack
10135995,Going Away - Radio Edit,"Eden Martin, Muttonheads",SpotifyTrack
10136028,Last Forever,"Errol Reid, Norman Doray, Tristan Garner",SpotifyTrack
10136473,She Don't,"Jay Santiago, Soulja Boy",SpotifyTrack
10156076,Pop Dat Hood (KVSH Remix ),"Earstrip, Hy-Dro",BeatportTrack
10243500,Hit Girl (Original Mix ),Sebastien Leger,BeatportTrack
10267710,Groove Feat the Groove,"Mastiksoul, The Groove",SpotifyTrack
10309168,Clouds (Original Mix ),Sebastien Leger,BeatportTrack
10401281,Flexwood - Original,"Alex Tepper, Steve Lawler",SpotifyTrack
10402260,Took My Love,"Electronic Youth, Rita Campbell",SpotifyTrack
10405552,Looking For Love,"Fenja, Nilson, The 8th Note",SpotifyTrack
10421139,Tudo Bem,"Laton, Mastiksoul",SpotifyTrack
10421140,Não Volto Mais,"Anselmo Ralph, Los Manitos, Mastiksoul",SpotifyTrack
10421142,Estraga,"Los Manitos & D8, Mastiksoul",SpotifyTrack
10421143,Maravilhosa,"Mastiksoul, Mc Lipi",SpotifyTrack
10421144,Livre,"Mariza, Mastiksoul",SpotifyTrack
10421145,Good for You,"Danny Shah, Mastiksoul, Shaggy",SpotifyTrack
10421148,Mama Coça,Mastiksoul,SpotifyTrack
10421150,Groove,"Mastiksoul, The Groove",SpotifyTrack
10426521,Darko - Original Mix,Moonwalk,SpotifyTrack
10430605,I'll Be There - Radio Edit,Muttonheads,SpotifyTrack
10440177,Lights Out (Go Crazy),"Far East Movement, Junior Caldera, Natalia Kills",SpotifyTrack
10446900,Ghost,"Chris Lake, Sébastien Léger",SpotifyTrack
10447028,The Return Of The Vigilante,ATFC,SpotifyTrack
10461874,Feel My Body (Simon De Jano Mix) - Nicola Fasano Vs Frank O' Moiraghi,"Frank'O Moiraghi, Nicola Fasano, Simon De Jano",SpotifyTrack
10500149,Piano Track - Original Re-Edit,Bush II Bush,SpotifyTrack
10526467,No Disco,Ross Evana,SpotifyTrack
10543352,Good Dope - Vicentini Remix,"Future Class, Makloud, Vicentini",SpotifyTrack
10554172,Bang It All - David Jones Remix,"Akon, Dada, David Jones, Mastiksoul, Paul G",SpotifyTrack
10554173,Bang It All - Stefano Noferini Remix,"Akon, Dada, Mastiksoul, Paul G, Stefano Noferini",SpotifyTrack
10607099,Ks9,Soulja Boy,SpotifyTrack
10607100,Slide,Soulja Boy,SpotifyTrack
10614026,Back Against The Wall (feat. Kvsh),"KVSH, aiai",SpotifyTrack
10616612,Soldier Boy,Soulja Boy,SpotifyTrack
10626238,Clumsy - Collipark Remix,"Fergie, Soulja Boy",SpotifyTrack
10626239,Cooking Dance,"Lil B, Soulja Boy",SpotifyTrack
10626240,G Walk,"Lil Jon, Soulja Boy",SpotifyTrack
10626241,First Day Of School,Soulja Boy,SpotifyTrack
10626242,Trip-Trippin (feat. Soulja Boy),"Flight, Soulja Boy",SpotifyTrack
10626733,Trigger Finger - Album Version (Edited),"Lil Wayne, Soulja Boy",SpotifyTrack
10664749,Kiss Me Thru The Phone,"Sammie, Soulja Boy",SpotifyTrack
10726362,Feel The Wave - Original Mix,"Didier Sinclair, Lidy V",SpotifyTrack
10726363,I'll Be There - Original Mix,Muttonheads,SpotifyTrack
10761237,Maximal,Sébastien Léger,SpotifyTrack
10784056,Kiss Me Thru The Phone,"Sammie, Soulja Boy",SpotifyTrack
10784262,21st Century Ketchup - Tim Green Less K Remix,Steve Lawler,SpotifyTrack
10799206,Elektro - Feat. Mr Gee,"Nicola Fasano, Outwork",SpotifyTrack
10799755,The Return Of The Vigilante,ATFC,SpotifyTrack
10813219,Chicayork,Sébastien Léger,SpotifyTrack
10813230,Smashing Music,Muttonheads,SpotifyTrack
10813240,Diametrik - DJ Nekbath Remix,Sébastien Léger,SpotifyTrack
10813241,Midnight - Dj Nekbath Remix,"DJ Nekbath, Sébastien Léger",SpotifyTrack
10813245,Thorny,Sébastien Léger,SpotifyTrack
10951307,With Ease,"ANH, Billy Marchiafava, bbno$",SpotifyTrack
11089719,Good Dope - Vicentini Remix,"Future Class, Makloud, Vicentini",SpotifyTrack
11131532,10sko Defection,Sébastien Léger,SpotifyTrack
11232162,Glasgow's Jazz - Derrick Carter Mix,DJ Q,SpotifyTrack
11281410,Love Is The Drug,Roxy Music,SpotifyTrack
11301450,Tell Me - M.E.G. & N.E.R.A.K. Instrumental Mix,"Luca Guerrieri, MEG \ NERAK, Mat Twice, Nicola Fasano, Steve Forest, Tommy Vee",SpotifyTrack
11305145,Peace - Extended Mix,Michael Feiner,SpotifyTrack
11342226,I Pity The Fool,Soulja Boy,SpotifyTrack
11342990,We Ready (feat. Migos),Soulja Boy,SpotifyTrack
11343185,Yahhh!,Soulja Boy,SpotifyTrack
11343327,What You Mean (feat. Future & Soulja Boy),"Doe Boy, Future, Soulja Boy",SpotifyTrack
11353108,I'm Getting Money,Soulja Boy,SpotifyTrack
11353134,Don't Nothing Move but the Money,Soulja Boy,SpotifyTrack
11353137,Trap Party,Soulja Boy,SpotifyTrack
11353138,Bapes,Soulja Boy,SpotifyTrack
11353139,Bentley Truck,Soulja Boy,SpotifyTrack
11353161,Red Bottoms & Balenciaga,Soulja Boy,SpotifyTrack
11353171,Louis Vuitton,Soulja Boy,SpotifyTrack
11353176,In the Air,Soulja Boy,SpotifyTrack
11353177,Panamera,Soulja Boy,SpotifyTrack
11353195,Ball,Soulja Boy,SpotifyTrack
11353198,Her Body,Soulja Boy,SpotifyTrack
11353199,Day One,Soulja Boy,SpotifyTrack
11353200,All I Need,Soulja Boy,SpotifyTrack
11353202,Pull Up,"Philthy Rich, Soulja Boy",SpotifyTrack
11353204,Pineapple Fanta,Soulja Boy,SpotifyTrack
11353207,Stupid Clean,Soulja Boy,SpotifyTrack
11354438,Young Black Larry Bird,Soulja Boy,SpotifyTrack
11354439,Woo,"Chief Keef, Soulja Boy",SpotifyTrack
11354441,Drip on Me,Soulja Boy,SpotifyTrack
11354794,Wasteland Warriors (feat. Souljah Boy),"Bone Thugs-N-Harmony, Soulja Boy",SpotifyTrack
11356997,Speakers Going Hammer,Soulja Boy,SpotifyTrack
11358537,Wasteland Warriors,"Bone Thugs-N-Harmony, Soulja Boy",SpotifyTrack
11360712,Dracos And Glocks,"Soulja Boy, Troy Ave",SpotifyTrack
11379166,Capotagem,Mastiksoul,SpotifyTrack
11379167,Tudo Nosso (Nada Deles),"Los Manitos, Mastiksoul",SpotifyTrack
11379183,Mamdaye,Julien Chaptal,SpotifyTrack
11379934,Camisa,Kubi,SpotifyTrack
11390460,BTBT (feat. DeVita),"B.I, DeVita, Soulja Boy",SpotifyTrack
11528028,Snap And Roll,Soulja Boy,SpotifyTrack
11532859,They Call Me Draco Baby,Soulja Boy,SpotifyTrack
11532876,Put That Shit On,Soulja Boy,SpotifyTrack
11532877,Vlone,Soulja Boy,SpotifyTrack
11551724,Crank Dat Dance,Soulja Boy,SpotifyTrack
11597024,Good For You - Sleepwalkers Remix,"Danny Shah, Mastiksoul, Shaggy",SpotifyTrack
11655545,Soulja Boy Checks In,"Lil B, Soulja Boy",SpotifyTrack
11810334,Saturday - Radio Edit,Luke DB,SpotifyTrack
11869433,Good for You,"Danny Shah, Mastiksoul, Shaggy",SpotifyTrack
11925412,Lights Out (Go Crazy),"Far East Movement, Junior Caldera, Natalia Kills",SpotifyTrack
11946049,King Of The Jungle - Luke DB & Attilson Remix,"Attilson, Luke DB, SHANGUY",SpotifyTrack
12022381,Go For That - MYNC Edit,"Felix Leiter, MYNC",SpotifyTrack
12048554,Wanna Be Like Soulja,Soulja Boy,SpotifyTrack
12100925,Ocean Gang,Soulja Boy,SpotifyTrack
12101053,Draco,Soulja Boy,SpotifyTrack
12109043,Jeopardy,"Hammon, Rarri, Soulja Boy",SpotifyTrack
12130406,Knowing we'll be Here - KiNK Remix,Daniel Avery,SpotifyTrack
12139897,Unspoiled Perfection,"Adrian Delgado, Deorro, Madeleine Jayne",SpotifyTrack
12140003,Bamboo Rush,Repow,SpotifyTrack
12152609,Rising Love,"Arno Cost & Norman Doray, Frederik Stigsson, Mike Taylor, Robert Allouche",SpotifyTrack
12160218,Sidekick,Soulja Boy,SpotifyTrack
12174571,Rising Love - Blvck Mirror Remix,"Arno Cost & Norman Doray, Frederik Stigsson, Mike Taylor, Robert Allouche",SpotifyTrack
12179207,I Need You,"Maayan Rechler, Mantrastic",SpotifyTrack
12190559,Famous Girl - Radio Edit,Kubi,SpotifyTrack
12192760,"76, Ocean Drive - Apache Vocal Mix","Nicola Fasano, Pat-Rich",SpotifyTrack
12211895,DAMN,"Y2K, lil aaron",SpotifyTrack
12274356,Hit Girl,Sébastien Léger,SpotifyTrack
12345864,Turning Away,Moonwalk,SpotifyTrack
12478083,Hudson River - Lee M Kelsall Remix,"Fractales, Moonwalk, Newbie Nerdz",SpotifyTrack
12515752,Yahhh!,Soulja Boy,SpotifyTrack
12557697,Cheerios,"Jessy Frank, Soulja Boy",SpotifyTrack
12563008,Push The Feeling,"Alex Guesta, Fatman Scoop, Nicola Fasano",SpotifyTrack
12576579,Swag Walk,Soulja Boy,SpotifyTrack
12579034,Blowing Me Kisses,Soulja Boy,SpotifyTrack
12580965,Pandemic,Soulja Boy,SpotifyTrack
12584466,Cotton Candy,Soulja Boy,SpotifyTrack
12584779,Hellcat,Soulja Boy,SpotifyTrack
12666217,Bands Up,Soulja Boy,SpotifyTrack
12666218,Figured It Out,Soulja Boy,SpotifyTrack
12679046,Bird Walk - Main,Soulja Boy,SpotifyTrack
12726970,Stove,Soulja Boy,SpotifyTrack
12735175,Bad (feat. Chris Brown and Soulja Boy),"Chris Brown, J-Slim, Soulja Boy",SpotifyTrack
12737277,Kiss Me Thru The Phone,"Sammie, Soulja Boy",SpotifyTrack
12738608,Tear it Up,Soulja Boy,SpotifyTrack
12743213,Kiss Me Thru The Phone,"Sammie, Soulja Boy",SpotifyTrack
12873424,Gated (feat. Soulja Boy),"Chief Keef, Soulja Boy",SpotifyTrack
12949134,Going Away - Radio Edit,"Eden Martin, Muttonheads",SpotifyTrack
12950884,Paradise - Luke Terry Remix,Rave Channel,SpotifyTrack
12951056,Midnight Blue - Original Mix,"High Definition, Scott Lowe",SpotifyTrack
12951103,All I Need To Know - Dereck Recay Remix,"Claire Willis, Trance Arts",SpotifyTrack
12951905,I Still Fall - Matias Lehtola Dub,"Dilara, Sasha Virus",SpotifyTrack
12952185,Missing - Video Version,"Nicola Fasano, Paula B",SpotifyTrack
12996458,Universe - Raffaella Papa Orchestral Version,"Arm & Gas, Nicola Fasano, Raffaella Papa",SpotifyTrack
13007303,I'm Ballin,Soulja Boy,SpotifyTrack
13018431,I Like You But...,"Agrume, Muttonheads",SpotifyTrack
13018456,Skrt Skrt,Muttonheads,SpotifyTrack
13053975,Big Tymers,"Morgan Westbrooks, Soulja Boy",SpotifyTrack
13111254,Sweet Freedom - Club Edit,"Darren Crook, Norman Doray",SpotifyTrack
13135464,Ice Ice,Soulja Boy,SpotifyTrack
13135465,Rollie Wrist,Soulja Boy,SpotifyTrack
13159970,Poeta Vilão,"Alex Romariz, Fabricio, KVSH, Zaca de Chagas",SpotifyTrack
13170295,Lordy,Bufalo,SpotifyTrack
13631011,Unspoiled Perfection,"Adrian Delgado, Deorro, Madeleine Jayne",SpotifyTrack
13682092,Hey Cutie,"Soulja Boy, Trey Songz",SpotifyTrack
13745201,Trivia,Florian Picasso,SpotifyTrack
13765413,Jungle Terror,Mastiksoul,SpotifyTrack
14056339,All Gold Everything,Soulja Boy,SpotifyTrack
14188135,Unspoiled Perfection,"Adrian Delgado, Deorro, Madeleine Jayne",SpotifyTrack
14292540,Booty Got Swag,Soulja Boy,SpotifyTrack
14356012,New Money,Soulja Boy,SpotifyTrack
14405844,Flash - Danny Tenaglia's Nitrous Oxide Mix,Green Velvet,SpotifyTrack
14427521,Jaguar,Sébastien Léger,SpotifyTrack
14500502,Love Is The Drug - Remastered 1999,Roxy Music,SpotifyTrack
14500587,Kiss Me Thru The Phone - Soul Seekerz Radio,"Sammie, Soulja Boy",SpotifyTrack
14518988,Give It Up,Momma's Boy,SpotifyTrack
14596375,You Can't Do It Like Me,Soulja Boy,SpotifyTrack
14828225,Tear it Up,Soulja Boy,SpotifyTrack
14829187,Kiss Me Thru The Phone,"Sammie, Soulja Boy",SpotifyTrack
14839295,Superdelight,Heikki L,SpotifyTrack
14845167,Gasosa - French Mix,"Jahriki, Laton Cordeiro, Mastiksoul, The Shynerz",SpotifyTrack
14846505,"76, Ocean Drive","Nicola Fasano, Pat-Rich",SpotifyTrack
14846886,Far East - Blasterjaxx Remix,Jack Eye Jones,SpotifyTrack
15047164,Woah,"Charlo Bates, Soulja Boy",SpotifyTrack
15456313,Kiss Me Thru The Phone,"Sammie, Soulja Boy",SpotifyTrack
15460830,Love Is The Drug,Roxy Music,SpotifyTrack
15497993,"76, Ocean Drive - Apache Vocal Radio Edit","Nicola Fasano, Pat-Rich",SpotifyTrack
15593511,Tell Me - Radio Mix,"Luca Guerrieri, Mat Twice, Nicola Fasano, Steve Forest, Tommy Vee",SpotifyTrack
15675387,Jolly Roger Symphony - Nicola Fasano & Steve Forest Vocal Radio Edit,"Chandler Pereira, Laera, Nicola Fasano, Steve Forest",SpotifyTrack
15686476,Revenge - Future Class Remix,"Future Class, Manimal",SpotifyTrack
15737262,Etheral Sunshine - Nelsen Grover Remix,"Muttonheads, Nelsen Grover, Sven-K",SpotifyTrack
15811406,Gonna Be My Day - Henrik Schwarz Acoustronic Remix,"Henrik Schwarz, Marsmobil",SpotifyTrack
15818857,Bapes,Soulja Boy,SpotifyTrack
15818858,Bandz Up,Soulja Boy,SpotifyTrack
15818859,Skrt,Soulja Boy,SpotifyTrack
15818860,30 Missed Calls,Soulja Boy,SpotifyTrack
15865544,Overseas Drip,Soulja Boy,SpotifyTrack
15870410,No Way - Alex Guesta Mix,"Alex Guesta, Miami Rockets, Nicola Fasano",SpotifyTrack
15905631,Clumsy - Collipark Remix,"Fergie, Soulja Boy",SpotifyTrack
15917850,What A Girl (feat. Belico),"Belico, Fafaq, Future Class",SpotifyTrack
15980885,Love Is The Drug,Roxy Music,SpotifyTrack
15984752,Love Is The Drug - Remastered 1999,Roxy Music,SpotifyTrack
15988821,Love Is The Drug,"Bryan Ferry, Roxy Music",SpotifyTrack
16000923,Last Forever (Original Vocal Mix),"Norman Doray, Tristan Garner",SpotifyTrack
16000927,No Wasted Hearts - Radio Edit,"Nicola Fasano, Ultra Naté",SpotifyTrack
16000981,Stand Up - Radio Edit,"Nicola Fasano, Terri B",SpotifyTrack
16020461,Over Bitch,"Dash Groove, Kubi, Maaker",SpotifyTrack
16037932,Crank That (Soulja Boy) [Travis Barker Remix],"Soulja Boy, Travis Barker",SpotifyTrack
16079092,Take Your Pills,Sébastien Léger,SpotifyTrack
16183324,Iced Out (feat. Soulja Boy),"Soulja Boy, Waka Flocka Flame",SpotifyTrack
16183328,All I Know (feat. Cap Dre),"Cap Dre, Waka Flocka Flame",SpotifyTrack
16213779,Dança do Campeão (feat. Rui Unas & Luciana Abreu),"Luciana Abreu, Mastiksoul, Rui Unas",SpotifyTrack
16213780,Forever,Mastiksoul,SpotifyTrack
16213781,Jump Around,Mastiksoul,SpotifyTrack
16213824,Naked in the Streets - Renato S Remix,"Francci, Mastiksoul, Renato S",SpotifyTrack
16537062,Merz,"James Ruskin, Mark Broom",SpotifyTrack
16622594,Marco Polo (feat. Soulja Boy Tell 'Em),"Bow Wow, Soulja Boy",SpotifyTrack
16627124,Iced Out - Remix,"Lil Chimey, Soulja Boy, Uneekint",SpotifyTrack
16627295,I'm A Goner,"Andrew W.K., Matt and Kim, Soulja Boy",SpotifyTrack
16627300,Damage,"EBK Young Joc, Soulja Boy",SpotifyTrack
16627301,Speakers Going Hammer,Soulja Boy,SpotifyTrack
16744669,Kiss Me Thru The Phone,"Sammie, Soulja Boy",SpotifyTrack
16756341,Og Gas (feat. Rich the Kid),"Rich The Kid, Soulja Boy",SpotifyTrack
16756342,Plug Talk,Soulja Boy,SpotifyTrack
16756349,Money Steady Coming,Soulja Boy,SpotifyTrack
16756353,Aww Yeah,Soulja Boy,SpotifyTrack
16756354,In His Face,Soulja Boy,SpotifyTrack
16756378,Rockstar,Soulja Boy,SpotifyTrack
16756380,My House,"Bow Wow, Soulja Boy",SpotifyTrack
16878979,Perception - Original Mix,Alae Khaldi,SpotifyTrack
16880348,Estraga,"D8, Los Manitos, Mastiksoul",SpotifyTrack
16882087,In and Out The States,Soulja Boy,SpotifyTrack
17014848,OH NO,"KILLY, Y2K",SpotifyTrack
17156454,Paloma - Mudd’s Slender Loris Mix,"Cantoma, Mudd",SpotifyTrack
17559461,Daze,"Ja-bar, Soulja Boy",SpotifyTrack
